team_id,team_activity,country_code,created_at
00894587AA214A94BAA4E946829F09A0,water_sports,NOR,2024-06-25T11:31:33.989Z
02A04A2EE433429BBCA18284D83307B3,netball,GBR,2024-09-15T16:53:04.653Z
00DF7C8C9ABF4F29844D2BEAB868D532,football,USA,2024-12-09T19:01:19.576Z
03638EB428AE4A7DAB93824301859EE7,baseball,USA,2024-03-09T01:04:46.104Z
0224595BFB3B4074BAEA8B569C4B4365,football,GBR,2024-04-30T08:31:25.054Z
00B4BE9C539A4871AFEA71CF7D64FFFC,football,NOR,2024-02-20T22:43:16.216Z
02FE6FCFDFFA48E2B4DCAFFE5B981DA8,pickleball,GBR,2024-04-11T07:04:14.792Z
002EEAAC46634D999C176FDAA12167A6,basketball,USA,2024-04-06T23:01:20.214Z
02D996DBE36F414195BA19E5CF4E3240,pickleball,GBR,2024-10-25T19:09:22.297Z
01B3D6B05B0344A79BF68B362B3DC005,floorball,GBR,2024-09-05T08:13:18.978Z
001E8554CC054EBC9426F7C8FE81E357,scouting,NOR,2024-06-24T18:42:16.074Z
0304AC137ABE443BB9E59D99947BF7C3,other_sports,DEU,2024-06-18T06:20:28.570Z
01A496ACE7E945158B6B3C81879FCB76,field_hockey,DEU,2024-11-30T09:19:27.108Z
0195AD8DD73A4C95B23075362D4D895A,social,NOR,2024-08-26T20:59:34.796Z
03B17B2A40F942DEA2E6F0C0AB08F1CF,other_non_sports,DEU,2024-01-01T13:08:43.102Z
00889EEB05A246D4856561CB6CC2803A,volunteering,DEU,2024-10-09T19:55:09.774Z
01063122D1FC47F9B50413817CF1E34D,football,GBR,2024-01-12T18:32:30.851Z
013BF740DE284F4489910864B69886F1,gymnastics,DEU,2024-04-01T16:07:15.662Z
0261E19E781B42D9BE542C203BB9812A,netball,GBR,2024-09-06T07:54:17.592Z
018CDD8A471E48729A53BF733BE6C04C,football,GBR,2024-09-02T18:36:53.446Z
0012B9C8EB6841F5BC1F7CA8FDE09AFC,basketball,USA,2024-04-16T15:31:23.153Z
0235B16F21874042A2E2B389A18AE170,volunteering,GBR,2024-05-25T09:50:21.679Z
00B2CEDF25E44AF0B5597D32026A314D,cricket,GBR,2024-04-13T19:27:16.021Z
034CA690E4FE4C7FA8D9C082F77334D8,other_sports,GBR,2024-09-27T11:55:38.272Z
0337A5ED03814FD4BD9E53CD6B04C0F7,dancing_and_cheer,DEU,2024-09-29T17:19:10.585Z
02EE3ED5201843748E5666EBA1A266D7,multisport,DEU,2024-09-17T07:43:16.219Z
0197CD41631F46E885BD73DD0D961682,cricket,GBR,2024-03-22T09:04:07.706Z
00F80FFCE6774403BBE1291286E9AD0F,other_non_sports,NOR,2024-10-11T19:51:11.438Z
024F35C03225443C91270C44A16B495B,football,GBR,2024-07-03T13:56:12.599Z
01D4E60F2388424D95F28F22CCDCF698,yoga,NOR,2024-10-04T20:48:32.328Z
003B17B8BF7A4FF1A6249CA682A5C2A2,football,GBR,2024-07-02T12:22:41.750Z
0160686EF7F1459DA8074FAC28DD2356,music,DEU,2024-02-05T14:55:30.172Z
02E9A5161F364F5F9C5B9667E84862D1,tennis,NOR,2024-01-30T09:55:39.559Z
022D7B6A92CF46108AAA2769FBC2A52F,basketball,NOR,2024-09-22T11:58:27.286Z
00288F8BBBE74B839687D1F54FB18A89,football,GBR,2024-09-22T13:24:34.985Z
02A04521EAB44BE7814AA3BCED7B7C98,rugby,GBR,2024-07-07T15:50:41.506Z
01B38A0847054790B312C664FA4296AC,other_non_sports,NOR,2024-10-13T19:04:49.964Z
0053F12387D548849A746350AA477B74,football,NOR,2024-09-21T09:27:52.389Z
001C2C0C824B4664BE83E515BEECBA74,dancing_and_cheer,DEU,2024-10-02T11:23:05.790Z
01768F2DF3BC439FAF2FE184B90196DB,field_hockey,GBR,2024-12-20T11:25:22.385Z
008D1B6D15D4454B9200038BF39AF2EF,softball,USA,2024-03-05T05:30:53.905Z
017A772D816A4D6F8743117ECB0E5925,american_football,USA,2024-08-20T22:38:21.686Z
03CC0FC4519E4752A5B28DB5798DDC04,rugby,GBR,2024-10-25T16:17:17.001Z
00439B97EED4418AB0C5E505280440C7,volunteering,NOR,2024-01-21T11:21:59.940Z
01503F45F7474F76B16BFD8BDFC66F56,netball,GBR,2024-04-13T14:47:12.922Z
00455C4210104B2B95D8AC57CCD51666,football,GBR,2024-08-03T15:42:53.537Z
011F5F94797A4D6AB4A3D6091B31171A,football,GBR,2024-02-20T12:56:24.174Z
0298E2977EAA46838D6BEB00966E0DE0,dancing_and_cheer,DEU,2024-10-13T10:52:05.707Z
01BD1B40ADBD498C9E7E9010413A0F02,football,NOR,2024-08-09T13:55:40.732Z
02B78C2617AE44698AA3CEC073661D50,football,GBR,2024-08-05T19:25:05.232Z
02E3F95E0A9D46B58F608ED64CE96E8A,football,NOR,2024-11-11T07:00:06.421Z
0184E489F7404612860E89964A457497,basketball,DEU,2024-09-04T19:15:07.316Z
032EBC78BC294A04AE358F3CAA37DFDD,cricket,GBR,2024-03-18T18:33:12.499Z
01088D263F534BFBB44D33B53C3832BD,netball,GBR,2024-09-10T18:33:26.191Z
0252FA07B7364B088F16FE0381D1E83C,volunteering,DEU,2024-11-26T10:47:26.436Z
008C088A4EE9497086D9AA3C0AA2AD2A,football,DEU,2024-05-14T12:55:52.707Z
016A793F7D3146D1BB3170B8CDFB27CE,football,NOR,2024-10-28T15:29:31.109Z
00E1D50883BB41D182D9A0D3BE5DF65A,football,GBR,2024-09-01T22:00:55.582Z
00A9CB1D070C406D99AAB69758376FE8,basketball,NOR,2024-08-19T16:51:55.645Z
00E24BB98610458ABCCFFAABA00B1F74,tennis,GBR,2024-09-07T20:05:29.783Z
0386A756F2B7463991560F50E57E65F8,football,GBR,2024-06-13T07:11:53.593Z
0355D05D14114EF0B258EF294D017B50,school,NOR,2024-08-30T20:54:16.205Z
01F53A2BF95647498C33610254CEBD2B,football,GBR,2024-11-15T15:41:13.757Z
011A76B7E21043B48CE3099D01A016B9,cricket,GBR,2024-09-30T10:28:15.791Z
00FF35A9CF564A1DB25893C5CB153032,basketball,USA,2024-11-03T03:42:51.297Z
01847271DD9949A6B8B2270C09F94C0A,netball,GBR,2024-07-23T09:43:05.365Z
032334D04D11478F931DF19A0C0BFDC6,cricket,GBR,2024-03-06T10:50:18.892Z
01D13F9AB6CF4A95A707E9F9E3080E1F,social,NOR,2024-06-05T21:51:28.953Z
018F3C9547B6466883BB5BAD6CE1DC18,football,DEU,2024-06-13T09:50:29.629Z
03A38CE48B57426695FF63A04BCA0A9B,football,GBR,2024-06-15T11:12:08.672Z
036EBAE26D134C94A5367D0531D906C4,basketball,GBR,2024-06-22T17:01:40.122Z
00346F6BDB7D4EDD83CD7358FA8FDD73,handball,DEU,2024-01-28T10:05:06.842Z
0334C9291F4E494AAA7B867941EA21AB,football,NOR,2024-01-30T20:01:26.882Z
02DA96C836CD4DC9BEDC814207EA6B3B,football,GBR,2024-07-02T19:20:09.548Z
03E86A8EFBCA451ABD601E29E07D2553,football,USA,2024-01-23T19:08:07.086Z
0366E8D8A6814C2391CB99DD7D66F9AE,football,USA,2024-05-27T12:32:12.526Z
03EFA613A36F4F919A4C16D4D5993129,other_non_sports,NOR,2024-06-27T09:13:28.704Z
0382A2B0433D48B78DD0A64AC6909DBD,football,GBR,2024-07-04T12:59:23.344Z
00B1A27F634748B38E87A468A7032F17,cycling,GBR,2024-10-27T18:05:44.444Z
0160EB8C99D8478089540959EF5E66D6,social,NOR,2024-04-16T20:02:56.847Z
03E358F0367A471ABED6FDED25CC893C,school,USA,2024-08-08T01:59:22.316Z
01081AD896A84AB398482404BFD0DFAE,football,NOR,2024-11-02T19:04:14.110Z
01B4E417319249E488D9875443EF01D8,tennis,DEU,2024-11-17T16:44:56.716Z
02279DF4822C41EFB5E6C7316F99F3E6,football,NOR,2024-01-04T08:14:47.245Z
0015438A63E9425584FE6B240C502784,volunteering,NOR,2024-08-25T12:18:43.007Z
02B120D2D44B47C49FFF127B3418E664,other_sports,NOR,2024-02-06T16:05:55.368Z
025713C2983A4DBC81C1892B4C549DCD,volunteering,DEU,2024-03-06T18:23:51.748Z
0235FB41132F4FA2BB5E9C709686B969,rugby,GBR,2024-05-21T16:33:41.164Z
027E6AA78D834A268D69728C35148038,volunteering,NOR,2024-09-23T20:52:12.717Z
011AC35776754A859E7EB069D446B800,running,NOR,2024-01-30T09:04:03.003Z
0053E798C94741829F2CC9BB56ED1EF9,football,USA,2024-08-23T01:54:19.489Z
0178FF50215E4CECA9B2933846536305,school,NOR,2024-04-19T12:05:55.847Z
00A6534B8C1D4295BB20FE3CBAC852EE,football,GBR,2024-09-09T17:19:20.587Z
01E19489F42E49B780F23D32087F2BD0,rugby,GBR,2024-02-16T05:10:12.804Z
00D8A72C5CC64D6E9ECAFF2CC87796B5,netball,GBR,2024-07-21T17:15:24.601Z
031F1189DE5647BC91A1E81098ED870E,football,NOR,2024-04-08T16:01:51.455Z
0272DCFF8E8D42E7BBA0AEA4EF43EC62,social,NOR,2024-10-01T12:32:06.763Z
0234957C90D04A87B7A5D6BC1B216426,school,NOR,2024-09-26T20:04:11.007Z
00CB141D1BB84C579EA448DC91B797E2,football,GBR,2024-02-20T21:59:59.245Z
0318C1DCCDE14FF2B8975AD9ADC9E190,social,NOR,2024-08-28T19:43:03.328Z
0408674226574347837DDEDC98906DFB,volleyball,GBR,2024-06-18T08:53:10.913Z
01C9F28C65FB4697B41405F461FE3FDD,field_hockey,GBR,2024-08-02T13:47:38.743Z
0061FBDAD9C241D4A809D5C5665A35D9,basketball,GBR,2024-08-17T07:37:40.883Z
031B96B906484F8C8FBEB55EC0CFE2C7,football,NOR,2024-04-07T11:18:30.041Z
01EBC6E616944E0FAD6D9D1A04B3C2E7,social,NOR,2024-03-07T12:32:32.739Z
039CFFA86EAA4842BF360EDD52A3166D,football,GBR,2024-11-18T22:23:57.552Z
01BC6FDE32D14653A0ABFA45DD91EA33,other_sports,GBR,2024-12-13T17:01:13.991Z
037DBF2259BB407BBA13410CC708E201,football,GBR,2024-07-08T09:49:15.220Z
024B19AB16A74644A931C48861DFCD4B,volleyball,GBR,2024-10-18T10:25:33.101Z
03A621A40F6C45A389A1E05EC2ED36F1,cricket,GBR,2024-03-12T20:45:42.238Z
014369C110234784AB31DC23EF51D2E5,football,USA,2024-08-12T13:29:58.363Z
035C5C42C2D04119B85E995F937C25C1,handball,NOR,2024-11-10T13:01:13.548Z
0225E5F16AD04C2A9429AF584BABFC35,football,NOR,2024-11-13T22:01:58.150Z
02996F87AF444A0C9593F01B38D8B36C,football,GBR,2024-12-12T21:48:43.543Z
00D746F765AC4593A10D34A7B8419F04,football,NOR,2024-01-14T18:19:07.577Z
00FA783831F049399FBDB44893C590B0,football,NOR,2024-12-18T10:14:52.999Z
02C9BCA4F8114CCE81F2F75AAB447D1D,football,GBR,2024-08-05T20:23:15.883Z
00878ABF9FD0452CA54947E5DECF7B82,cricket,GBR,2024-03-07T13:12:40.462Z
01530702FC2F4FDEAC37AF56BAA09359,volunteering,NOR,2024-06-19T07:32:13.185Z
011C47B97202466EBC198B6908548B03,scouting,USA,2024-09-14T12:52:04.984Z
0367BF8E38F94F04A4A603ED15E721B1,other_non_sports,NOR,2024-03-05T01:50:38.164Z
014C47B3ADDB490C9D7C9131F83F9019,rugby,GBR,2024-02-11T14:26:27.679Z
0169A720943340E1A5D996596F2A105E,basketball,NOR,2024-05-29T08:56:02.687Z
024BB89664DA43118B4842972744C5C0,other_non_sports,NOR,2024-09-25T11:16:32.737Z
039AD96F02FC42509C6EF28C56BF69D3,football,GBR,2024-07-26T16:58:06.147Z
01E0C044FA9D44C7BC8DE8B4527F38D8,tennis,NOR,2024-07-17T07:12:52.423Z
02287B77F99B47E28F2D23179826CA33,football,NOR,2024-11-20T17:40:49.702Z
0161DE35DBEE4CE1B5CFF3EA79BE7FD4,cricket,GBR,2024-10-24T10:24:26.749Z
0229E13EED88456185BEBF245070AB61,football,USA,2024-05-26T20:52:31.173Z
0195F735564744B39EA576E104BD4901,football,USA,2024-08-01T15:55:44.992Z
00CE8E6269FD48CC9727E1620BCB8769,cricket,GBR,2024-04-12T11:20:01.676Z
0048D01440C6415389F120DE91670286,football,GBR,2024-07-07T19:53:31.008Z
02061E240A424A01819E961654AC64B8,football,NOR,2024-02-20T07:41:52.175Z
002E588B08C840379B18FC5C83BC83AD,volunteering,DEU,2024-03-21T21:13:50.586Z
00401F2C357141B9AB966C1AC28B6A96,other_sports,DEU,2024-04-17T11:22:43.832Z
03238461F3954789BD7960E505275806,music,NOR,2024-01-16T15:19:49.395Z
0082880879EF470785FC06BCB2BE861A,yoga,NOR,2024-03-23T00:04:38.700Z
03966671B9124BBB9FB76CC2A4EAD0F2,football,GBR,2024-10-06T20:07:34.466Z
0194E08F5A39434FAA0DCEC8DC349FA3,cricket,GBR,2024-03-24T09:54:55.197Z
01D840B9D6B646CC984B4F2607BCFD30,martial_arts,DEU,2024-09-20T19:46:02.976Z
034A1D9476AA47F1A82268EDA212B795,cricket,GBR,2024-03-13T10:37:00.374Z
02B753A84D3A4A8A90DD33FD42E62DC7,music,NOR,2024-04-08T15:47:47.628Z
0198D14BA2D54CA99250F8E0DC729430,running,NOR,2024-09-22T17:26:09.339Z
02D812B17912454089F38CF45F2360C2,football,DEU,2024-08-13T18:07:42.046Z
026C2EC242854278B0380846E74FAE0B,football,GBR,2024-06-13T06:23:54.439Z
0168B675F12C4D9CA6C05C06A5D54A9D,football,DEU,2024-09-18T15:08:45.226Z
01C65A3F8E5C49658109DA3291B55866,football,NOR,2024-07-03T18:06:57.582Z
027995BD75244620A2430A57865E4653,baseball,USA,2024-12-05T18:26:18.874Z
008FDB16F1B54F6497C814E51F6486AD,dancing_and_cheer,GBR,2024-09-11T08:46:25.130Z
00C9D47F84A543D9BD895802145A1B7D,rugby,GBR,2024-12-11T20:52:51.970Z
0127865DFD104D65AC6DB1800B8D2070,handball,NOR,2024-07-30T12:35:58.439Z
03C1DD82A7D44DC9B4DF17D54BB235EE,football,NOR,2024-01-19T20:00:16.290Z
03FE48B36A884FA7B10B3B092BB59F73,other_sports,NOR,2024-02-28T09:02:20.242Z
008AB5826E9640A3A842D0F37193E485,social,NOR,2024-09-05T14:06:24.986Z
00D167DB31FD4347937F0D23FFEB381C,scouting,USA,2024-09-12T19:53:36.892Z
01D5C092233940FC938CB312AF6FA7D8,football,GBR,2024-06-08T17:50:49.094Z
0367D4714CB1445C8D81962F1CD2E94D,other_sports,GBR,2024-03-08T21:46:43.008Z
02ACE2EAF0254761824AB9CCBAB47B5F,multisport,NOR,2024-06-26T08:27:44.269Z
006FF99A69E54A729E697BA2A1384576,basketball,GBR,2024-11-23T13:53:04.250Z
0119600B5B7A4A91AC993EAE7A730742,football,GBR,2024-08-23T09:11:05.314Z
0376C0ACFB8D43478C4223516200FEB0,football,GBR,2024-02-12T21:02:55.784Z
01F0BB520ED84BABB7438D16CD25041B,rugby,GBR,2024-09-28T09:20:40.645Z
00F88A592D5C40CC8D7C08EA573ABE8E,football,DEU,2024-10-30T11:08:32.518Z
0081D6D854634825A68EC2DDC16A1928,gymnastics,NOR,2024-08-29T17:41:23.428Z
009918970A4347E4AE0336B1289B8E49,football,GBR,2024-06-26T14:13:36.789Z
00E1930E64EA4456AB4698E1E3F779EA,cycling,GBR,2024-03-05T16:46:41.001Z
03EED041BCE54744A9C08097C4275DFC,swimming,NOR,2024-01-03T09:39:57.159Z
03CA8823C3F34CD7BC48E4D76B94513F,football,NOR,2024-05-29T16:54:39.584Z
00D003DA010D46D6AD01FA7562EB0678,football,GBR,2024-01-08T11:38:47.337Z
03BF5C6C867748D8BC9A1B955F3931A8,football,GBR,2024-10-03T18:45:47.940Z
00D7BEC416404FFE8BE8F08B57F3D887,football,GBR,2024-11-17T22:32:45.079Z
02B658D7465F4CF184144815D93D128A,esports,NOR,2024-02-06T10:01:09.261Z
00D8F0B1DC014AD39094A3C95FFC65BD,school,NOR,2024-09-17T17:08:41.588Z
0107E2E4D56C472E8DC4E925BAE96FC0,volleyball,DEU,2024-08-16T11:43:17.792Z
00304712129B4A86AD15E5A5D895D253,motorsport,DEU,2024-01-26T12:38:40.170Z
03BBAAFEC1AF4C45822F14A88062522C,football,GBR,2024-04-14T17:01:36.741Z
01D8FF62D8014FC8889C9B9B727F5B54,football,GBR,2024-05-30T11:25:34.669Z
017CF3D0725F4388B9C2C23450EA7FFF,school,NOR,2024-08-02T14:05:12.890Z
005F434DAA7D47C29AAED3673DF8331C,football,GBR,2024-10-06T11:00:13.260Z
023EAFAECF224F5B88FE35F402BF75DE,other_non_sports,NOR,2024-05-06T07:29:24.874Z
0037EDC7689D4F4692B4A713ABA05BD5,swimming,DEU,2024-05-15T05:27:46.315Z
032D4F10AE5B466E8EAC970183E9BDB7,netball,GBR,2024-07-18T08:03:32.524Z
00F62C5734104CACAE6E1C170E41B716,martial_arts,DEU,2024-09-26T05:14:01.705Z
038C194022B84F4A8DD793F7047E0D48,field_hockey,DEU,2024-01-15T18:40:36.976Z
031DF29124B04DB7A21C04C821DA7C86,rowing,GBR,2024-07-18T11:13:47.260Z
01FE230E59D642D8A76E9B5AD5AEDF08,cycling,DEU,2024-10-10T10:53:19.004Z
018C6C22155C410BA93B69D7F78420E0,social,NOR,2024-09-05T09:54:37.576Z
028EDBB608424CE8A7C319187CAA755B,handball,NOR,2024-07-30T17:53:32.997Z
00502B6A13A446888E67527A70E5ED75,football,GBR,2024-07-13T19:13:46.491Z
02A8BF74018B4C3981D54DEB51F07902,rugby,GBR,2024-02-05T13:13:01.398Z
0170A8D03730464A83998FF5707D62F9,other_sports,DEU,2024-04-23T07:23:05.268Z
03D5C5055177477697752C3D4C3BB761,social,USA,2024-09-24T15:03:26.554Z
030C835862F04F8692F1EAC6268F82C6,ice_hockey,GBR,2024-02-06T16:02:34.457Z
02A3A332431C410C81A23F0FE9EB502C,football,GBR,2024-09-01T18:02:37.758Z
01899CE577BA4F5DADF7A9DB90F1EE1C,field_hockey,GBR,2024-10-06T12:31:43.865Z
01CD74FBF1744E3C836C2871EB4F7599,basketball,DEU,2024-05-15T18:53:53.963Z
0158A92DF11D4D1ABA6F978D59BBAEC6,rugby,GBR,2024-07-11T11:43:14.185Z
03D329D8905649ADA452689AF82F3A17,school,NOR,2024-08-15T12:00:51.305Z
035042F77E9644FDAA83529787AA0494,football,GBR,2024-01-08T21:27:17.310Z
01A602BA55404236991BA22D5657B55B,cricket,GBR,2024-09-08T10:33:48.224Z
011305EA134A4FF394F331E5A2616676,basketball,USA,2024-12-10T02:21:06.620Z
00A68465554044BFB7E097BA58E0EB3C,music,NOR,2024-05-16T08:54:08.712Z
015C1EBCAB474BA8A1CD39CC3DD4279E,other_sports,NOR,2024-05-01T19:17:33.236Z
030B22E2FD264F6BBC93BD04F9C1D7CB,basketball,USA,2024-12-14T15:20:21.518Z
007D43505D6B40B6AA862E36118B1357,athletics,USA,2024-05-23T13:47:14.297Z
031F2B050B7E4594A6AFAECD7E3D21C0,football,GBR,2024-07-11T14:33:54.644Z
03C62E86B0504E52A2EB5E9CF30F9B9D,other_non_sports,NOR,2024-04-22T07:58:50.610Z
015636597C9D43A98D5F2337941CAE94,football,GBR,2024-04-26T19:20:27.185Z
01B4AD808293446691E33A5E8D594BDE,netball,GBR,2024-09-04T09:37:40.452Z
03F2DB5E7664477B90A130412C296475,american_football,USA,2024-05-28T17:31:33.308Z
01455E807CED4C11ACE7D8D78C84D3D6,handball,NOR,2024-04-28T16:42:32.675Z
01CD3317FD89402E8B11E64047D5ECAB,football,NOR,2024-10-15T05:59:52.168Z
009D0F79AC664643862BDA99F359C3D1,other_sports,DEU,2024-02-23T16:50:50.304Z
01883173870B4582A42D3226E26B500A,football,GBR,2024-06-10T13:45:47.477Z
01B3AE7FA3834BB195A31053304E8213,basketball,DEU,2024-05-09T12:02:36.895Z
004D1DC60AC34778BD2D4F391B9AAB02,cycling,GBR,2024-08-04T16:58:18.810Z
03D2C45979E74559B8C88DCA45FA3464,football,GBR,2024-07-23T14:34:19.092Z
019020CAC2D04956B62E55883D9DE86E,football,GBR,2024-02-20T23:06:18.622Z
008556314D6B4DA583C1788A6501C048,social,NOR,2024-06-23T05:11:53.872Z
01AAE1EE7B0A4D5BB2FFDF777E2EB97F,multisport,NOR,2024-09-12T17:52:56.319Z
02BFB6693A654F0782836CF9E83A8199,football,NOR,2024-01-17T20:21:16.182Z
0141EF070B7F4BDEB0765BDB80BDCC00,volunteering,DEU,2024-03-02T08:46:25.952Z
02CC7495370048B0AC5261E122E5F842,football,DEU,2024-09-04T09:03:09.490Z
00A8AA179A6843628AFC7BCE8FB6E552,other_sports,NOR,2024-01-22T15:05:24.680Z
011CC83A6BD5418C815F6735F01270F6,running,DEU,2024-11-27T17:21:06.950Z
00CD66AC030846B58D24E6CAA427489E,shooting_sports,DEU,2024-03-27T13:08:39.787Z
00AAB6A100F446C7A0E84331F028279D,football,GBR,2024-07-22T07:55:24.673Z
02CD429EC74B433BB904EF9CCCE4AE32,social,NOR,2024-10-01T22:16:41.032Z
01517727D0A547028DB04B9F6E8BC7B8,football,GBR,2024-04-11T13:18:51.065Z
00E48CA22C944ED39D32601A45044B47,cricket,GBR,2024-04-05T22:00:02.043Z
01E8A1A050CF4A6FAC9418B523B83E89,other_sports,NOR,2024-06-25T21:09:14.334Z
021A9B9010A543E39DC10C44DE4EC180,social,NOR,2024-01-05T18:26:34.639Z
01AFD0A444F9491892C51212235D7052,football,DEU,2024-07-09T11:25:15.899Z
0123363437964444898F78A37BFB2D47,school,NOR,2024-04-15T08:07:20.419Z
0272BC995F264B03A2AA50D872930F72,netball,GBR,2024-10-10T11:38:04.105Z
00946B0D45D04FCBBB12BDAB49F65B6E,football,GBR,2024-05-01T20:59:26.096Z
010B8510CEB64A5399147A16F14382EB,baseball,USA,2024-05-10T22:24:34.909Z
0110BBAE544A485CB38913413CCED9B2,school,NOR,2024-12-03T12:21:01.780Z
01569CD62B99415895D87F50708D7B41,football,GBR,2024-06-19T20:55:56.699Z
0155880D028D418EA18684F826ACAB2C,rugby,GBR,2024-01-28T22:59:21.286Z
0088F6ED7D7D4757A7ACE7F1B5D3E2E3,football,GBR,2024-10-04T20:29:16.552Z
0015B1D2692347BBBD3A427B0D1534E1,cricket,GBR,2024-01-03T22:18:52.653Z
01F32A5EEE2348F181A85723BD275DA6,music,NOR,2024-11-17T12:44:17.258Z
0132B1434E7F48F29EC50C73AB2C4F5C,basketball,GBR,2024-07-09T13:17:17.914Z
0014D924EDC443939A50E0AF54122942,football,GBR,2024-07-18T09:50:29.878Z
02381A9C4D4C48DE90068CEFF2E52877,pickleball,USA,2024-04-05T22:37:42.154Z
040472C8A8494E23B562833E6CCD1A6A,music,NOR,2024-09-14T09:45:32.871Z
00CB0D2BDBBC42B592A9A20F6288383C,handball,NOR,2024-08-26T19:10:17.642Z
034E1C0C6ACA4F9B8EF4C206AF967878,other_sports,USA,2024-04-26T13:30:16.108Z
01A6DDA2737747E5953FBF9E770FE0D4,social,NOR,2024-06-24T17:37:34.820Z
03813555ADB241BCBFA2E94B32CACEFE,equestrian_sports,NOR,2024-08-22T18:38:21.299Z
0219720CD251445CA2CDD4C5245D5BDB,school,NOR,2024-04-13T23:06:04.545Z
01C9DA21D2EB4655A6203CD089652A50,rugby,GBR,2024-02-25T14:27:02.544Z
03A265DEAFCA40119AEEE7F923802739,water_sports,GBR,2024-03-19T17:02:36.950Z
0230683626714E97A3872AC7D9DAA898,other_non_sports,NOR,2024-04-22T21:36:44.590Z
03D748C31285481FA6535E7E5B116D5B,other_non_sports,DEU,2024-07-13T06:51:31.778Z
02897871180E43E3B56203D55ECAAD0F,volleyball,NOR,2024-07-23T07:58:19.586Z
03235B0E9A0447A98B8D143F7A42E78E,football,GBR,2024-01-01T12:25:54.640Z
01ECA73B0AB04B2D8946D44CD42D0D58,volleyball,GBR,2024-04-17T09:34:58.189Z
01237F10963644F8809AD1DF0D64FA82,football,NOR,2024-04-15T09:41:02.153Z
03EB2B195E9A47A4ADE00912D24F51BC,football,GBR,2024-07-08T20:02:20.072Z
01A5EF2A00E74A82BEA71DB6A3C401B7,football,GBR,2024-08-14T09:05:57.137Z
03188C6AD30140B6B167A726556B1C3A,football,GBR,2024-06-03T19:55:17.355Z
0354AB15C4F34A249162E4771C8C6A09,football,GBR,2024-05-21T18:50:33.797Z
021901ED171A4D2FA9FC06B3E8078D76,football,NOR,2024-04-21T09:18:01.250Z
01D2087898464099B6E0EC08B3DC44E7,football,NOR,2024-03-06T12:28:39.599Z
01AD86E9445D49BD80F416858015C0E1,basketball,USA,2024-12-18T02:06:58.333Z
00A9B595574D4DADBDAC4D6B0BDED2C3,yoga,DEU,2024-05-02T14:16:49.461Z
010ECDA5819F4911A4BACB319FD69C1E,social,NOR,2024-01-25T11:32:51.879Z
02C6075867F54509B00A8054766B1485,football,NOR,2024-10-30T12:24:30.110Z
039E00F4A5C145378D1FF0879E1D181E,social,GBR,2024-11-28T14:11:03.423Z
025880958B2844FC80657607A384F896,other_sports,GBR,2024-09-18T11:53:32.413Z
021049BBD8C44B81BA8FE40F60D03ABC,football,GBR,2024-08-10T11:11:19.373Z
03A3A32F4DC040E6B2A767B06246E9FA,football,NOR,2024-10-22T10:59:01.226Z
0159A322B4D541989DD31D6097389D5A,social,NOR,2024-02-26T10:21:47.948Z
028ED1C9CD724562975CCF21F72C9BEF,football,USA,2024-12-03T23:01:43.422Z
0331E1D2073D4EFCBCE32E9D9E90F6DA,cricket,GBR,2024-02-13T08:06:17.015Z
02BB63EBA3AB4FE782EBEC50E29CC035,basketball,USA,2024-11-15T21:27:22.937Z
0275EB1BBDC042D0B6E1D407C665BA6A,multisport,NOR,2024-11-16T09:29:08.502Z
038C28CCAB924C32BB7CAFE8158413CE,social,NOR,2024-06-11T15:22:14.137Z
031BA6EFB9824C6A9BBB33E60A9B7728,tennis,USA,2024-09-03T19:31:23.534Z
032A1FBA04B54F578191F22AE7147518,discgolf,NOR,2024-06-17T06:13:48.564Z
00BFE26D60174786BF3F9BA72DF73F9D,football,GBR,2024-07-01T09:40:46.640Z
01BD31E1455F4516845B5A1072B684E2,cricket,GBR,2024-01-09T14:12:36.977Z
03B2A12914764392A52D80A25784D7D9,football,GBR,2024-07-17T15:04:24.669Z
03BEACAA5F2F47368C5E283E64CEEC0F,music,NOR,2024-02-29T13:09:04.630Z
023E7913544F47C7BFB855A8B6A91A41,gymnastics,NOR,2024-02-26T18:54:42.180Z
016D731B601F4E1E829C4D6BCE37410C,pickleball,USA,2024-09-16T23:25:21.626Z
01773E0E2D6348B0A56015D154B49B34,football,GBR,2024-08-24T20:27:45.831Z
02EAE9AA944140668E831EF46A19ECB2,football,NOR,2024-07-11T08:42:01.721Z
03A3CA2D4014486A963AE9D97DC93B48,motorsport,NOR,2024-04-14T18:45:21.000Z
02071DA0E7FF48C9A32F1F7D718323BD,football,GBR,2024-09-01T13:37:35.094Z
02D8DD0FB8274BDCAF015FCC7FA79729,martial_arts,NOR,2024-01-11T11:09:49.870Z
03079884B7E5438DA3DE01B4B8BB6245,football,GBR,2024-08-20T19:22:55.436Z
02CFE12FB8AB497C965AC8E1B7883FAC,music,NOR,2024-06-25T19:06:14.671Z
038370BA70DE4031B3D3EAB5D190C515,cricket,GBR,2024-03-20T10:44:28.198Z
01BD2D2450FE493899DFB997029663AC,pickleball,USA,2024-03-12T20:23:44.532Z
026FD9C01DA64ECCA5441A2A3A72A494,orienteering,DEU,2024-01-02T15:52:24.024Z
023614C0A05B4546A794845446FC89BC,football,GBR,2024-10-28T15:59:40.382Z
022E3AD4387D4036A5E1F1C7B36DFA6B,cricket,GBR,2024-07-06T07:59:56.877Z
02504635CA464FE986626B2A8256EF4A,football,GBR,2024-09-02T11:54:10.029Z
00904B25F5C0443BB1C44918E1F5E942,running,GBR,2024-11-26T13:31:44.808Z
0008727DEBFB413CA3EFA4F71D70A8DB,football,NOR,2024-10-22T18:51:56.204Z
005E562DB51A4DE8A67072E08B8181BB,football,GBR,2024-08-06T07:38:08.157Z
00F8EB5F42D844B681E6F71917348451,other_non_sports,DEU,2024-11-24T09:24:59.568Z
000F84D5D0F543BB9F7E97E7D15E6DFE,football,NOR,2024-06-24T21:15:41.902Z
01D4780955934EF585386D6F11353DF3,football,GBR,2024-07-01T10:34:16.985Z
013FB27FC91C49EFBCE5B32B45879265,rugby,GBR,2024-11-11T14:22:10.882Z
01995FA98B8A4F04ADBA154B56C46BD4,football,GBR,2024-03-04T17:04:54.247Z
01DFD12C914E403DB0F9EC6B185A37AA,rugby,GBR,2024-09-05T19:52:25.559Z
010C47C74D584483A369A75AD466454E,pickleball,GBR,2024-07-23T12:58:12.501Z
02F193B698934912923628FAD6CD20D0,football,NOR,2024-12-10T20:38:39.993Z
03283524DC17415CB1A4BFD26F8258CE,music,GBR,2024-07-30T19:14:18.271Z
01A21907BE09496C8544410B43953826,football,USA,2024-09-11T15:25:59.627Z
006C07DD015D4822A25FDA56F3F024AF,baseball,USA,2024-09-06T00:12:47.441Z
0169B06E08EF47298EBB807C9C2FBE31,football,GBR,2024-01-16T11:05:00.552Z
02AC28256C884E87A9F9743E2A4817A3,social,NOR,2024-09-12T10:42:30.770Z
029F4197869240299E7DC4D271B1FFEE,music,NOR,2024-12-16T10:53:00.903Z
0026755184AE4322AD606D45B7871709,field_hockey,DEU,2024-01-21T08:45:38.288Z
0088960B1CAB460684A0BD6616E4BF39,other_non_sports,DEU,2024-02-16T08:23:58.439Z
04007409B6814019964B5DE81217B526,football,NOR,2024-08-22T14:43:39.761Z
01CEB99F88104CDE96EB45DF62113300,music,DEU,2024-03-21T07:00:43.609Z
03CD4E2A2A7D46CC859AEC7505CF416D,ice_hockey,DEU,2024-07-08T17:00:16.586Z
03F760C839E443BB9452CD1413FF9762,social,NOR,2024-11-24T06:30:46.142Z
02D8B830D59F4BF687950EAF83A4E36B,football,GBR,2024-08-29T19:42:08.224Z
01ADB0A4AEA942D8A49FEC91BF1FCA85,rugby,GBR,2024-04-03T08:29:06.628Z
0077E2C8882C45D5B24D56EC562CD98E,football,NOR,2024-08-22T10:24:33.610Z
02004DFE90954239A92C9C19A1D3C98D,volunteering,NOR,2024-02-21T18:17:39.930Z
02B59F1793F34FF1964C5C8E79788D2B,pickleball,USA,2024-08-08T05:31:51.074Z
02410E48C8224D4FBC5E9D6E8456DD2B,padel,NOR,2024-08-18T13:38:33.916Z
036172F1278F4992AAB61C5D2D1D0BD4,ice_hockey,NOR,2024-04-19T10:29:57.633Z
022BE88443A5421AAFAA12C93F705692,school,NOR,2024-10-24T21:30:57.256Z
0272C41193404FC6A34A60D88809D33B,baseball,USA,2024-05-29T16:19:17.700Z
010C19E9E3E247B58E40D30333F1FCAD,football,NOR,2024-04-23T18:20:40.261Z
00F215F3CC4D4CB984BD38E73E81F891,tennis,DEU,2024-01-27T20:21:51.862Z
040293B65CBC4F17AD31104DCC172252,football,GBR,2024-09-29T07:58:21.622Z
00D7F5363FAB4F849544106351423FD7,football,GBR,2024-06-28T10:44:21.113Z
02DCE24AAF2F4AFF8A2C3F15A0284948,cricket,GBR,2024-04-26T20:20:11.225Z
00AB8AAE026846C692B673A98FD13521,football,NOR,2024-09-18T16:10:58.755Z
035CA6E887C84E4B9466456A56068F0B,netball,GBR,2024-05-03T14:15:17.757Z
01646D1ADDC344AE920AFB5EDE27D4C6,volleyball,NOR,2024-08-29T18:59:29.629Z
0226B050EC7A44669258D9D9BDFD30C4,football,NOR,2024-09-12T09:28:37.866Z
004136AB36CA4A5EB1ACDCA3E47206E7,swimming,NOR,2024-11-17T13:13:36.483Z
00FC9718A7FE40088376109E3BC5B640,football,GBR,2024-06-01T10:27:56.005Z
0379CA2F57334AC5A7CFB414ABCB71D5,football,GBR,2024-06-05T10:52:44.526Z
00998A277D1547BAB001CD36CA5F2CA1,american_football,USA,2024-09-10T20:23:47.738Z
00187D12EC4A44E1AC89EA915E2FAE01,ice_hockey,NOR,2024-04-23T20:20:53.779Z
01252F5BB8D64CF1963170CBF39C4E61,football,NOR,2024-08-22T13:53:23.576Z
03E79335154B4A23AE0433D363279442,music,NOR,2024-09-08T00:29:37.762Z
01333B8D89B94556962477D2EDEC3F09,other_non_sports,NOR,2024-01-17T15:34:13.346Z
0359E503DAE741D2A06D7AAC09CA2C13,swimming,GBR,2024-03-16T20:58:23.204Z
0313F7269C7A4109A644558FD49987CF,football,GBR,2024-04-26T17:41:51.648Z
023F87B3FF8B410A8E3F34E6F55F034F,football,GBR,2024-08-26T21:27:22.330Z
00EB4857DBCE49F799BE6B892B34A220,social,GBR,2024-12-14T19:32:05.734Z
0269295989664BACBA9D89FA2C1252A7,music,GBR,2024-08-19T10:42:20.844Z
0403CD204DB144F5851AF6A1DD7639A6,football,GBR,2024-09-22T18:10:46.367Z
00B94588B9A646C5A0EF2D5640B9D0E2,football,NOR,2024-02-26T10:16:33.709Z
0190DE82AB4D48F3BA6C2213905471AC,basketball,USA,2024-02-16T06:14:09.302Z
037E22A5F12B4CA1BF2BF684520CDB0C,football,DEU,2024-10-10T02:58:55.070Z
00A7774D08C34643ACD76CC9E81B30AE,football,DEU,2024-09-07T04:35:30.427Z
01B51C91DF8A49A0BECD328701B7C898,baseball,USA,2024-01-22T06:45:56.099Z
00188555BC164869A715F00F97A8080C,school,NOR,2024-10-07T09:29:14.558Z
01A9092F29EB4630864E867D66673162,padel,NOR,2024-10-24T09:39:15.374Z
02252DDAC5614CBC833AAF3920B734E0,football,GBR,2024-07-17T10:41:07.425Z
008789BD1C0A4DB993B675F7DD300011,school,NOR,2024-09-18T02:30:23.230Z
0310D6D1F8C54DA7B3CA5CA0CB6B8029,gymnastics,GBR,2024-09-23T11:26:26.593Z
034E412869244A65BEDE7028E423F0B2,football,GBR,2024-09-17T09:45:28.876Z
02BB549074B541F09492ED7CAB0FD11A,football,DEU,2024-03-30T06:26:48.693Z
024481EDD6CA487B915F224B6D918788,volunteering,NOR,2024-09-20T11:31:16.479Z
00EEAF68DF754ABA84C8F6DE83CBA8E9,golf,GBR,2024-01-10T21:14:24.034Z
02FC079A3F9F4BF48EA7FBC5C999E4A6,other_non_sports,NOR,2024-09-24T15:26:42.748Z
01818E17BEA14DAFB1F5F2199B4C18E2,football,NOR,2024-04-02T19:33:29.338Z
034C42F0A6FC4C9C857A12F657A23F90,football,GBR,2024-10-02T19:07:22.308Z
03A6D2DE6360436CA6CD781917B50BA3,football,GBR,2024-06-04T19:36:27.457Z
03C59D6A87854C3A8F00BCF1C5D664A7,cc_skiing,NOR,2024-08-23T13:06:21.225Z
01A8E25D118A4D4B97549752A4B4A4CB,music,NOR,2024-11-11T07:26:37.962Z
02A8A5D0F70041AF82BE7BA8075B5DDE,other_non_sports,NOR,2024-01-25T08:26:06.821Z
022EEA29031741F39C1C35CDF621FAB6,other_non_sports,GBR,2024-08-22T21:38:33.822Z
0158FE7EE6C344888737825A86467004,handball,NOR,2024-02-15T21:11:40.396Z
0076083844DF4BFD8B2B1DA326EEF15C,social,GBR,2024-08-26T16:57:20.914Z
03AB3736CE994B68919BB517DC2ECF3F,football,GBR,2024-08-01T08:02:31.921Z
024AFA70DB3D4A95A4BE87873F9905C3,football,GBR,2024-11-02T08:26:25.561Z
009C315F6A7942858993E8A420C3037E,water_sports,GBR,2024-05-24T06:41:37.036Z
000E81D721494EADA7542EFB9CF55590,football,GBR,2024-04-16T11:31:17.456Z
0266CADFA71748D9961EF38BFA375946,football,GBR,2024-06-28T14:38:06.170Z
01C5AD14F1914C22A276712A03661C6A,football,GBR,2024-05-28T14:32:56.393Z
03DBB50EE1A54EC4B1542D93F15EEB70,football,GBR,2024-09-22T11:00:30.772Z
03A256D648F74E8DAB704B059F293EAF,handball,NOR,2024-09-30T14:12:12.162Z
01B67D14771745BCB7EC2EB235ACD216,social,NOR,2024-01-30T15:16:14.809Z
01A51B8904794AF18FF91C5D8EB215A2,football,USA,2024-08-09T21:44:25.410Z
009D0F8257D64E8BA568E101594BE42C,music,NOR,2024-05-15T20:55:37.834Z
00DA65EF05004AD5975DB15C8621E987,multisport,NOR,2024-01-19T21:52:23.577Z
02DB5D5DA5C54BBCB082E15F9790A349,social,GBR,2024-08-18T16:28:49.570Z
013B4E3DF13B47AFB32F66B132E88686,football,GBR,2024-08-23T15:12:22.738Z
008F74F559164CD886A86C28D132BF44,handball,NOR,2024-01-16T19:20:59.377Z
021482E281AA4C4C9006415148838A2B,dancing_and_cheer,DEU,2024-03-13T14:32:26.480Z
008735AD292746AE931E6013E3B11EC3,football,GBR,2024-09-21T20:38:26.050Z
035AB13D42AC4867A5BB596B81D07C6D,football,GBR,2024-02-13T16:17:41.475Z
037FB424C9E14A26A2980CDAF3E71B7F,rugby,GBR,2024-10-02T08:40:49.734Z
020F6AFCE3874E5BA86D7057DEA67524,football,USA,2024-03-10T16:54:51.026Z
020A1F94D2C7474A9B0069E2D123D9DB,golf,GBR,2024-10-05T06:44:51.135Z
019DE591EB8B410696ACA99B9956D479,football,GBR,2024-05-05T10:51:10.259Z
03D1EC5F838741B780F64D8F77EB38FF,football,NOR,2024-04-15T12:56:51.560Z
00E79DE9C43D4513817C1069A3871F70,rowing,USA,2024-03-21T15:48:32.776Z
0035D8C2BE724348A50B3ABA36C46A1F,football,GBR,2024-08-05T18:43:09.589Z
02CF4EA323DB47448C3DC3A77CB2C3BB,football,NOR,2024-11-14T13:40:55.329Z
0392A664DC784C0EA5267921260456AD,football,GBR,2024-11-05T11:54:42.015Z
0230467E7C764D14BB2EA3503150488A,cricket,GBR,2024-01-20T14:08:50.713Z
03341221F71D48FD83213A80ED9C0647,equestrian_sports,NOR,2024-12-17T18:08:12.294Z
0007F5C769C847578B8CDB187FBA0288,netball,GBR,2024-09-23T19:54:25.041Z
03B4D4CBBEB849DEBEA857BBDA9F12D3,football,USA,2024-02-26T02:43:43.507Z
0378494D00F84892B5FD9523F5840E38,netball,GBR,2024-07-31T01:18:03.571Z
00C58FB9947F46AF983B6DC6CD62860C,field_hockey,GBR,2024-08-14T09:23:40.325Z
000D52A02E054D62A9607D7905876AD4,cricket,GBR,2024-01-01T12:54:56.876Z
0231D06034B1491E9B14D924D6513773,pickleball,USA,2024-07-21T02:50:17.199Z
01FC97294FA1442B9EC7A290F746D154,football,USA,2024-06-05T21:40:42.932Z
03BE5C99C08D41338C654B15B14C6E8C,football,GBR,2024-07-09T20:31:00.642Z
027E1BDB50A14B0DB2E965A48FEEC5F0,softball,USA,2024-03-27T21:54:23.148Z
031DDE61C0C6472FB4FB17D3F8AFB93E,tennis,NOR,2024-09-18T11:29:12.207Z
0098E8B80FB745F7BF5214E9821B7019,other_non_sports,DEU,2024-09-13T17:23:20.359Z
02AB6ED338444B2787C1C17D9472F1F2,volunteering,DEU,2024-12-07T18:49:43.716Z
025F4D58A4EA48DEA6767A4D7F0EB5A1,other_non_sports,NOR,2024-09-19T13:05:21.239Z
02EC5557AAAF4F15955AB40F38863A14,cricket,GBR,2024-07-13T13:58:43.082Z
00A03D51AF2C44AC86BCB275792F826E,football,GBR,2024-08-28T17:10:12.446Z
01F43B2B85734BA797520AFAF127E96D,football,GBR,2024-06-03T21:28:08.472Z
022D96716DF34391ADA5554566FAD227,athletics,NOR,2024-09-18T16:12:14.178Z
001AB6812D8B44AAA5F83F790AD2F816,discgolf,GBR,2024-11-04T13:28:57.944Z
00D728F375974B8AA480F0B46EAB3A65,football,GBR,2024-05-07T18:32:50.354Z
03CA8796B165419EB86F3A6A4B2D7C86,handball,NOR,2024-08-22T15:21:30.165Z
040C0F3B2D88416A9FD492D86F8C9CE8,football,DEU,2024-10-20T17:46:23.201Z
01089C19D7394A6992CAD1B9C4C75CD8,volleyball,GBR,2024-08-24T10:49:29.810Z
01D46BB6474144AC8783FE305954BE55,martial_arts,DEU,2024-01-13T12:48:55.903Z
0246E2939A004EFA81105568E3DFF849,football,GBR,2024-10-03T07:55:12.834Z
000B58296DC44B2C97C91528326EFB93,tennis,DEU,2024-08-09T14:17:34.623Z
02DDE728AA534339B52F033D0794047C,american_football,DEU,2024-05-23T10:59:32.781Z
01704C6752454408A461AFE3451DD7C8,football,GBR,2024-07-15T06:06:40.476Z
0198F6FF4F9440FFAD18A001D6079893,other_sports,DEU,2024-09-03T19:13:45.207Z
0104BB87035849788E8AED859B88B9F9,cricket,GBR,2024-07-18T11:55:49.737Z
02B24331866F4DA59D05E64A0E725B21,social,NOR,2024-06-27T11:10:25.691Z
01568963C9A8437DB72495580672D2E4,football,NOR,2024-08-12T13:22:43.300Z
0266945F9B4240019AEE1B846EB385BD,social,NOR,2024-04-26T18:25:06.745Z
01D4CE8CC19D4EE986BFC4A482B2F11D,football,GBR,2024-06-03T19:02:24.944Z
00E5A90B2F844932AE6602C00C582B40,football,GBR,2024-08-30T20:39:43.276Z
036D28097404412B970DFD5AA1C4B284,other_sports,GBR,2024-02-07T23:41:51.305Z
03E5C30A5F4D43C984D1BB35F5C09F7D,football,USA,2024-09-07T02:22:43.393Z
00CD896C36894FFEA5C41BCBC0D18179,social,NOR,2024-10-07T19:16:41.100Z
0153C40D5F8C4FE7829EB932D9424771,football,NOR,2024-04-29T11:58:19.779Z
011E76E3824C4591BBB0974611C22929,rugby,GBR,2024-06-07T17:19:18.190Z
0068DCB241D846F0BBFAC3938B285651,padel,NOR,2024-09-09T13:08:45.434Z
03CDDFD86E7F4FB3A02345510D8E17ED,football,GBR,2024-06-06T08:20:50.149Z
0181E29E1D5D415C983E9562D3F8912F,other_non_sports,DEU,2024-08-05T07:31:35.388Z
022677B5906C4B8690DF3EA22FB009D8,school,USA,2024-03-26T14:48:25.788Z
0027B59B9FCC4F2CBDD783DDEBCCFD18,netball,GBR,2024-08-22T16:24:52.209Z
02449D7A99A5411E884A22BD9FD7347C,school,NOR,2024-10-28T20:53:20.767Z
02780BC38A1C41E6BD292198A8080EF8,football,GBR,2024-08-11T08:24:39.152Z
00456D98D5F943BE82F97D7332F9C72B,football,GBR,2024-08-22T19:18:52.662Z
00A7C9CCEBB440B9B323B45C048280CA,ice_hockey,USA,2024-06-10T20:42:05.718Z
00989F22B19A4FC7B086AAFF875DF8C5,field_hockey,GBR,2024-11-12T10:03:56.468Z
0180B77C2D6A442C98D77170D70FE882,water_sports,USA,2024-07-07T16:37:57.367Z
02B7C309A6B04EBE9E6DC0228AA6CB08,volunteering,DEU,2024-12-04T07:52:38.206Z
00DF0EC4983C4D4BB602132E14D1095E,rugby,GBR,2024-08-10T23:10:25.745Z
00AAD9D6FF354E74867E69F0C4D119E1,football,GBR,2024-05-29T21:00:47.098Z
038EBD5470064C17B30231EA9A0BBE69,discgolf,NOR,2024-10-14T23:09:44.526Z
032C81314D0B490CA13F50B1B123A733,football,GBR,2024-02-12T06:55:15.581Z
01BE0B9CC4104A4587AA142E212F296D,esports,NOR,2024-12-10T20:01:30.619Z
03AF45F61FFB45A6A2D83BD85AB2F604,scouting,USA,2024-03-13T14:18:41.711Z
01A0FAAAC9EB4CFC9723486360787EA3,gymnastics,DEU,2024-06-06T13:04:26.726Z
014E730D4781442BB40538E72709B3F5,social,NOR,2024-03-30T17:45:55.206Z
01E2EB6C85B245E19CF0E322220BAD63,football,GBR,2024-10-01T13:02:50.461Z
02A6669EB60E4D6BAB3CC7E6FE69565A,football,GBR,2024-08-21T12:00:59.145Z
02469D726A794261932BF80284A0CF46,other_sports,NOR,2024-11-11T11:10:45.089Z
01E75C7CD9324A99920A2E4F2B557B72,music,NOR,2024-10-19T13:19:52.401Z
004E3B22232E4F0B95FCFD2FBFD6BE5E,other_non_sports,DEU,2024-10-12T19:00:31.858Z
01BB4D7565144E709F5F09FDAE702FA9,football,USA,2024-06-12T18:15:17.298Z
01B8E6AEA1E440D4885C1CD446EB2B98,football,GBR,2024-08-11T19:40:28.542Z
03D642F8701C48ED8C274CC5C28D19B5,football,DEU,2024-08-12T20:16:17.720Z
02F351D3EAB74999857EA5F79A7D01EA,football,GBR,2024-01-26T15:40:19.344Z
03A0A553BA34473E8F5C23E571BB2453,equestrian_sports,NOR,2024-08-10T15:36:16.814Z
013B3E36CC9942C5A4B098D4191C3426,baseball,USA,2024-05-08T13:31:36.361Z
023DA20F0F094006AAF72E43603F9B35,golf,NOR,2024-09-30T05:35:22.145Z
038BDC05243D43678B8983347AE441B1,ice_hockey,USA,2024-09-04T21:49:10.467Z
010D83E69C5C4479BF1D516D9491FA29,field_hockey,DEU,2024-08-16T19:24:22.827Z
0231700A0E78401D8167039FB04D1D8B,football,USA,2024-05-20T23:21:30.412Z
002ABA17E06C4659BECFDFC30ADFF1D4,football,GBR,2024-05-27T08:07:34.998Z
03832EEA8FC145788A82F2BB76166625,basketball,GBR,2024-08-23T13:56:31.989Z
03746D86115A49EDA0D10E1EE8941206,social,NOR,2024-04-22T06:03:55.317Z
00F563116A704C8D8ED10F77AD99B4A0,football,NOR,2024-04-27T12:25:59.584Z
009AAC5EBF4C4357A97342783496AEC8,football,GBR,2024-04-30T08:17:24.712Z
00294214459F4794BBAA030112A948F4,handball,NOR,2024-07-09T12:52:44.602Z
0229FDE2A64041BFA61A5820AE06645A,softball,USA,2024-05-08T15:06:58.682Z
040C006F34244D83B5E47DB1274C2CE7,baseball,USA,2024-09-05T00:59:38.970Z
03573B0D4B7044D587BF43481D5A991C,football,USA,2024-03-12T21:23:13.781Z
001ABAA9FFCF4B6190DDEB43DE9CEDF8,netball,GBR,2024-08-21T14:25:38.950Z
0387763E1AA14DCBA808E67C540D7AB4,cricket,GBR,2024-04-11T22:43:03.341Z
02A798F01B60456CA72EDF10C187740B,basketball,USA,2024-11-19T14:25:06.557Z
0028AE5DED1A4369B568F7D94A4E9F7F,cricket,GBR,2024-01-20T19:31:45.959Z
0009A944773A4CFDA428AFE37E09709A,cricket,GBR,2024-08-13T21:19:30.747Z
03CCBC58833441469381BCD876065BBE,football,GBR,2024-07-07T14:09:09.824Z
0125963142AD420AB26B0062385142C4,other_non_sports,DEU,2024-10-08T16:27:39.590Z
03126354207A41758C9D5C45EEAE7361,badminton,GBR,2024-02-25T18:57:20.338Z
0013BB30AB0946FA8AAAEC7354F9FCAF,cycling,DEU,2024-03-15T12:42:38.524Z
029B96EA3D4243AE9224C3D8217E2B68,field_hockey,GBR,2024-01-15T17:15:50.322Z
02B0CF6394E345A1AA66C6AA6F52DE77,volunteering,DEU,2024-11-23T14:29:47.264Z
0210B02B4374414EA95A03E05210F684,handball,NOR,2024-09-26T14:17:12.487Z
01F225B7E9B1439A864F2F640834A7CB,basketball,USA,2024-08-15T20:38:11.134Z
01E9EAA23C7A4CCF8F8275F432C788B3,gymnastics,NOR,2024-01-01T19:34:31.276Z
009F62117DF746469373989CAC3F2E07,esports,NOR,2024-01-01T12:41:51.525Z
02A1E2A392214287AE076DF6886DA87E,football,GBR,2024-03-11T21:18:50.924Z
03A94B7A50CA47878AB34299823C08D2,rugby,GBR,2024-07-31T17:27:51.431Z
037AD6F6B32141199A822A3F0533BC23,gymnastics,NOR,2024-08-12T16:57:50.092Z
01B013D2CA2B4FFAB1C1C0D76FEE8CD4,rugby,GBR,2024-08-02T09:57:44.130Z
003BA586B98444A7BCA581864E9E9F2A,other_non_sports,NOR,2024-11-04T10:06:38.046Z
036ADC912C094F20A09A1A6BA7A7274A,esports,NOR,2024-09-26T20:28:17.499Z
038CC93506384F80B6B7C94BA4BA128E,other_non_sports,NOR,2024-11-15T10:56:20.125Z
01EB4B0D8DBF428FA3BF338D7D4D4108,football,GBR,2024-06-02T14:57:42.664Z
0392836A1F994B859ED674F93B77E52F,golf,USA,2024-11-14T22:43:02.901Z
014CF5846D914871B5AA72A45DB8CB94,volunteering,NOR,2024-01-09T19:57:16.174Z
037FBFADA35F45AABE7D6F13144FD7FC,football,GBR,2024-07-30T20:23:42.217Z
02CE3745C4794932BF83E2240EC3639E,dancing_and_cheer,GBR,2024-06-11T18:26:38.720Z
01E6B7042B714EF08FD254BB8349838D,biathlon,NOR,2024-04-07T17:10:47.698Z
00EAE48E3F7C45F5B36D5E64BD40D339,rugby,GBR,2024-06-07T14:13:33.307Z
010ED44B386E4B46923CE0C10E642C89,other_non_sports,NOR,2024-05-21T10:12:22.391Z
0076D2E63CEE4F04B3659A0AB0896105,social,GBR,2024-12-09T16:05:23.611Z
020D1FF66BD442C18D7306F5A610BB2D,cricket,GBR,2024-08-23T10:00:23.956Z
004B48FEB96F4EEEAEB7C15283E7B1DD,football,GBR,2024-06-23T20:13:17.829Z
01D11F1C50A74008BD234DAFBD7A1E94,padel,NOR,2024-02-27T18:43:00.168Z
013C0E5D0B3C4338B1452E657949D267,basketball,DEU,2024-09-05T18:28:03.129Z
0055104D058D49A4947E2A87DF037BE6,football,GBR,2024-04-24T07:20:31.429Z
0234FAAEE3EB438882185FBB63C066A5,handball,NOR,2024-10-22T08:02:29.117Z
01E0A4CDE0CA4571AB3ACF7AEAAFF62B,football,NOR,2024-10-16T18:15:46.931Z
02AA440FC31D4A758CDDDB59939C0DBC,handball,DEU,2024-04-21T21:13:19.432Z
02CD87CEF3D64BBB92606DD4F408111A,other_sports,DEU,2024-12-02T14:55:52.736Z
016A54EDB29D492A98DC5B949A5D0BE1,rugby,GBR,2024-08-19T17:00:54.732Z
0262A547D7F34FE7B3B15F10E85F1107,dancing_and_cheer,NOR,2024-10-13T21:50:32.263Z
0329A34C391846598B304256CEF3B0EA,swimming,GBR,2024-09-19T12:59:14.846Z
00F1EBA28A2A4FBA8CB69966807A0438,music,DEU,2024-03-21T16:42:02.542Z
02363885AC9543E191369C56E1291151,football,NOR,2024-03-31T20:32:13.098Z
0222E5A6D7CF4B8FB04063B2CD5754DA,volunteering,NOR,2024-05-06T18:31:01.871Z
027F1227979B4B84B977FCF2DC84CB7C,social,NOR,2024-11-07T10:56:19.134Z
0242851652F24B5DBA53436A52396366,volunteering,DEU,2024-10-23T17:23:58.779Z
00F77FFF059F4A88A266255A398486F7,handball,NOR,2024-11-07T16:45:43.912Z
03C84CF374574A6DBA75A538F9ADE196,football,GBR,2024-04-11T21:40:06.779Z
000AF38852FF4D39854509190363011B,football,NOR,2024-08-28T15:58:44.357Z
02A8CADEA8E04822BA4AB6AD95644698,football,USA,2024-02-27T22:55:45.290Z
020D9BAB56814C73AB3CEF3BBC3A1EA9,rugby,GBR,2024-06-17T20:23:49.320Z
015732E7C4DA45E68BD8506327BD0FE9,football,GBR,2024-09-14T13:48:18.788Z
005576CDC6844896980B6AB1C39072B5,football,GBR,2024-06-19T20:34:53.130Z
01E9F7E781B64BF783393AF1136F647A,rugby,GBR,2024-01-21T11:17:38.672Z
02817E7CA85C43099C7A131BCFA18398,dancing_and_cheer,NOR,2024-01-07T14:01:03.241Z
0353074D2CDA4540BAB388B621BCF814,football,NOR,2024-05-22T16:06:29.679Z
02B9F168E0764DAD8D6AC3385177300C,football,NOR,2024-01-01T10:05:01.471Z
02B018CBEBC7410190089D83BA7E0179,football,GBR,2024-11-13T12:06:46.498Z
00AB5941BA814D11A1B0FB08D4C7D2EB,baseball,USA,2024-06-28T03:06:23.905Z
00F7240BF58542AFBB20BB0404AC0021,basketball,NOR,2024-08-22T21:21:47.306Z
00EF67F226C14A3E87544E870B0D7887,athletics,NOR,2024-10-16T05:05:26.807Z
017EFD481E974A20A2CD7BC25C4284D2,basketball,USA,2024-06-20T04:43:51.494Z
03437581FF5F4FA0BE6F17E7365D6A9A,badminton,GBR,2024-07-24T09:51:50.997Z
025CB25C07224DB0BFCB4EC821A029E5,volleyball,GBR,2024-12-01T18:40:37.666Z
03692549A3C14C72BC50CFACEB89CC7D,cricket,GBR,2024-07-13T12:51:47.764Z
01DD3EF20B1545199E661E916FECE9EC,social,DEU,2024-08-08T15:04:02.666Z
02DBF9136DF044489C908142E5BFDF7C,handball,NOR,2024-09-02T23:19:04.171Z
02281C43A9AF48D1AF23160E97FFD57A,baseball,USA,2024-08-14T14:56:08.040Z
0395CDBF6626454E9EC15F082CAA5EB8,swimming,USA,2024-10-14T20:28:27.489Z
03D3CB8B2FF74E80977ED0AA9042429C,other_non_sports,USA,2024-05-15T02:02:01.739Z
03C18A900C79477CB9E77CDED7E9D8AD,volunteering,DEU,2024-11-12T11:35:48.004Z
009E1E5FEAA54781A8E343DD400A3F7D,football,GBR,2024-07-19T17:52:28.973Z
00795DDCBDB342F08E3C5BCC00275A14,football,GBR,2024-10-16T12:15:02.814Z
00AE263099034D4E96FE855C0446468D,social,NOR,2024-01-14T17:10:48.090Z
037F96CB826A417EA7D22C309A57D216,football,GBR,2024-09-17T09:47:56.769Z
0070B4153B564F87978F391869C36E5E,social,NOR,2024-07-10T21:04:39.642Z
0079D5D30C7F41CFBA0D2606FEE015F8,football,GBR,2024-06-04T19:31:42.018Z
036A5B9FA78340EAB320245AC634F77D,cricket,GBR,2024-03-20T10:36:54.429Z
0398D968DC87437691F3EBA57FE735EF,scouting,NOR,2024-11-28T21:34:26.848Z
01A0BD94C1744018B930BE8BEC3BD154,softball,USA,2024-05-01T02:30:49.699Z
00C16A718DFB4800886849414F103902,dancing_and_cheer,DEU,2024-01-11T18:43:31.292Z
02A03FF660634E5DB343C389018D6A52,handball,NOR,2024-08-21T19:02:49.800Z
013B16AE9BF1441FA971C8B64C1F3536,basketball,USA,2024-11-11T20:08:52.684Z
0003B307251B48318EAD6663490754E3,football,GBR,2024-01-07T18:26:02.312Z
0151790C1F9E44BABFD55450109F3136,cricket,GBR,2024-05-10T20:09:28.245Z
00FD5FCAC3ED4337B4C9C83F81F867B5,football,GBR,2024-09-02T21:43:18.004Z
0152EBC6D0354413BAE8FA8D3E268C2C,netball,GBR,2024-07-30T09:40:53.511Z
00B357EDFFA34F10BBD06F15F2351A77,football,NOR,2024-10-20T13:44:07.426Z
00E23B1EF9774F48891A793936B006E8,football,GBR,2024-07-19T20:07:47.627Z
040C4FDF321E45A887869F69D9211104,basketball,USA,2024-10-03T19:45:58.295Z
0385529035FC4B3D9E913BA154D5354D,football,GBR,2024-05-03T19:10:10.801Z
0217F29BB778463086EF8A8E75AAE7DC,music,NOR,2024-10-17T07:42:01.011Z
03E2C3FF49814488B66216994AFFDFF4,running,GBR,2024-03-14T19:44:19.743Z
039CF549098A4A5CB039311CC5947E01,football,GBR,2024-06-27T10:06:47.186Z
0311BFB488D9477CB07C91052734627A,multisport,NOR,2024-07-29T11:42:26.787Z
03C0F3A2969B40C792D16E0CB87E846A,social,NOR,2024-02-16T18:09:57.865Z
01E3199BFDAE430DA7A0AFA7951DB72A,football,GBR,2024-09-06T12:23:37.005Z
027C4BE5F9854DC383AA27AEB53682E0,cricket,GBR,2024-02-06T07:16:25.156Z
0001A156208D4BF8992B7488EDB671A1,rugby,GBR,2024-09-22T18:47:10.522Z
0087FCDE918F406F88CD7A74FDC9B198,football,USA,2024-07-23T12:17:10.198Z
0333AEBFDC384FA9AFF830C19DB46BF2,cc_skiing,NOR,2024-11-25T20:55:12.311Z
037E8EB130A645DC9CFCD9D4D1425C0F,cycling,DEU,2024-02-20T09:56:54.645Z
03DAB7946C0F4966BF68D97B3AE88A8D,football,NOR,2024-10-26T11:07:18.297Z
00A493148EDB4F138466D1DC285BCD40,rowing,DEU,2024-11-22T09:19:05.557Z
032CB560358F41E4A388CB0B203DD0E4,football,GBR,2024-07-11T19:08:58.842Z
01BF1CC8EC94446BA4648750F710E225,football,GBR,2024-05-30T20:04:58.116Z
01B2F42E97FD4835A335B7765594C89F,football,NOR,2024-04-08T19:51:56.596Z
010E7819F6CA446A855DB0AF3A6B1F49,football,GBR,2024-05-10T07:04:16.304Z
004D49B96B084693B67271FC9136961E,martial_arts,NOR,2024-11-23T14:11:17.930Z
01F3559FE30B412294AD04E531CAB4A8,handball,NOR,2024-11-24T13:02:21.192Z
023B132D15574CFDA1620D2470393BB2,football,NOR,2024-01-10T18:03:31.189Z
001F0F280D1E403090EE98D7107A5096,martial_arts,GBR,2024-09-20T20:35:39.925Z
0158B7A504644D2394A65F8EAE9777CB,football,NOR,2024-10-21T20:31:47.328Z
0120CFAA48194401832ACD07AAF7EAEC,volleyball,DEU,2024-07-07T14:37:30.566Z
0350CAA1B1BD481BAE9B3DA76ED279F9,football,GBR,2024-07-24T21:59:23.321Z
002683E4F6324450BF044D014B61E32C,football,GBR,2024-05-20T13:29:09.678Z
0016D661675C40F5A6BD277F9E3B3BAF,school,NOR,2024-09-03T18:28:19.553Z
00128EFD1DC04B819119BC22125D747C,netball,GBR,2024-09-29T12:28:04.126Z
00391A3D52C34E5887F08D70CAA842D1,football,GBR,2024-09-10T19:27:31.575Z
012805D830FE477E8E03534671F6FA5D,american_football,NOR,2024-08-30T19:15:02.283Z
02CDD76287C9475484E73FDA83C6F8E1,football,DEU,2024-09-05T07:11:48.923Z
005F849E99D6422D9BAFA8BB04EDD0FF,school,NOR,2024-09-05T16:53:10.306Z
00D43EA8446F4B78B5D3BEA2D0DCC42D,football,DEU,2024-04-29T10:09:42.931Z
02C268128D6646689A8470A2EAA77537,handball,NOR,2024-07-07T08:55:59.422Z
00F5197E55B94348A323C9DC6F3AB03F,volunteering,GBR,2024-06-27T06:21:11.739Z
012A5FECE6D1462FB4B5C05DDDA0808A,tennis,DEU,2024-04-21T07:58:51.962Z
019F1A4990584F0A83394688A6EDA6CC,football,GBR,2024-09-25T16:33:08.876Z
0095603774384BC48B3507A1FC764422,volunteering,NOR,2024-06-11T18:23:56.978Z
01A78B9AC2C54AA49EA80DC6803C6523,football,GBR,2024-08-08T13:04:05.728Z
02EA18E1FA7A4FE6A8DE3F82E467F020,school,NOR,2024-10-11T12:46:55.075Z
01D34CC43125486C86CDA9CA7B906A5F,volunteering,NOR,2024-01-29T16:19:05.505Z
0237179B1C9F4C2DA3EDEC14517B256E,other_sports,GBR,2024-04-13T17:46:19.708Z
01934B3844E0496397663CE877CC1EA7,biathlon,NOR,2024-10-25T06:49:02.637Z
0085021BD087419B80EBF95B9A946470,cricket,GBR,2024-04-11T17:58:39.306Z
007CA2F291A143CD94340D3EC26774A7,school,DEU,2024-04-01T10:29:05.594Z
030D4FBA7F894AD985739FD89E562483,football,NOR,2024-04-11T18:33:42.962Z
00BCF85A88344697B6F1D979100F36DC,netball,GBR,2024-05-03T12:40:19.060Z
0183E1C19B8A4DAB9E77311C3FEE2B2B,football,USA,2024-02-02T05:40:14.914Z
01D70C289BD44A3FB78E4E4E9738AF2D,football,GBR,2024-06-12T13:07:13.918Z
00EA69C9C0A143E5ABC2AD823EBE2057,football,USA,2024-10-09T15:39:14.826Z
009170E7E9C0492B806F9762F7383AED,netball,GBR,2024-05-03T12:38:25.002Z
003DFCB62A3346FBA36379D37530EB97,football,USA,2024-08-10T14:58:40.624Z
021460F583F4445ABF9156D2C8166001,football,GBR,2024-12-16T14:46:29.108Z
03E88F93BB1D48ABB92EC12597D04F30,football,NOR,2024-01-04T16:20:58.125Z
00045A4A95A949C4A1F16919234A6720,football,NOR,2024-08-19T19:21:47.119Z
023BBB7304454CC8B18A17AB807D78AE,rugby,GBR,2024-02-29T21:30:12.935Z
0124F58A225042A7A4CAD2A28850A6C7,netball,GBR,2024-08-19T20:21:59.975Z
0399C2190E894326BE11628A7DCBFCB6,social,NOR,2024-11-13T14:52:54.755Z
03C52C9632404F62988C668DF9B9EE25,dancing_and_cheer,GBR,2024-01-13T10:26:25.091Z
035CB3636BFB4DEA85A46BC5FE34AA73,music,GBR,2024-05-26T08:41:51.553Z
028B700B9962453BA6660619567D3C47,other_non_sports,NOR,2024-07-15T10:59:27.469Z
017094A2514D4EBA980B098C67B81A9C,football,GBR,2024-09-03T18:56:19.497Z
00184E584E3349B3A5D85BE8E625EC4A,volleyball,GBR,2024-09-20T19:02:57.669Z
03A43096CE65425C8BA0D7A3E5315584,other_sports,DEU,2024-05-15T15:25:50.202Z
01F978EAA66D46A482824571CEA18DB1,football,DEU,2024-09-09T12:24:45.933Z
02F7401255EA4870BA46AF800B372481,tennis,NOR,2024-08-23T10:20:28.195Z
013E9C1D3167417E92100C4CB80095D7,football,GBR,2024-08-03T15:02:39.355Z
0192A2D2D82540F7B923A82C3248D540,sailing,GBR,2024-11-20T08:21:51.890Z
00B283F5E75F49F5846079EBEFB21A06,volleyball,USA,2024-08-12T00:30:07.646Z
02B893394A4D4037ADD106DA69022C5C,social,NOR,2024-09-26T18:29:35.203Z
03F2784DDC514766AF650F69177EAF35,football,GBR,2024-06-22T08:45:11.574Z
0030D40DE1BD4F4BA7CBE7703B7025F7,netball,GBR,2024-03-24T19:31:02.126Z
0329A21F67F74EC7B8A5191230B3FFC4,football,NOR,2024-04-10T16:11:49.846Z
00A15BADEDEB494EAFD8A29EC8A88554,football,GBR,2024-09-12T06:30:25.658Z
009A50BDF2104BD99A708668FF3FB8D2,football,NOR,2024-04-17T20:10:20.538Z
0339A39FD7AD4D8B8423003851DF5175,basketball,USA,2024-11-15T15:35:04.302Z
035EE0DF6BAF46FABAF28BBDBDF12407,football,GBR,2024-07-14T11:09:07.724Z
018455577B3E4B928BD9DA4349F11748,football,NOR,2024-09-25T18:55:27.620Z
0306532F09FD4A689B0AE8B69CB1E082,scouting,NOR,2024-06-19T07:08:54.053Z
03AE2792BFF0428E9818ED5EC2C21647,football,GBR,2024-04-09T15:50:25.445Z
02475D7D187545EF97CC00586CFC7398,multisport,NOR,2024-09-04T15:30:08.636Z
00B13A99FB7945AFBECC2D530B3B5722,social,GBR,2024-12-09T18:50:28.007Z
03FFBA2D03494071B04C39C28DC81902,basketball,DEU,2024-05-28T19:26:15.850Z
0179F1054F7747F8BA9FC849F416CC26,other_non_sports,GBR,2024-02-12T15:05:27.175Z
01AD299E021C4786B609BAFA309E57C1,multisport,NOR,2024-03-13T21:22:14.853Z
034A1F31FBAF41B790544A849972CF39,rugby,GBR,2024-11-04T21:55:48.731Z
02A88EACA2204D21A913FF05BFD87334,american_football,NOR,2024-09-20T10:42:12.885Z
0314D646B80349E3BEB2103BAB3B49A6,football,NOR,2024-03-09T21:08:49.441Z
01DEC27BBD5A4A598BA1C706DE5D3EF5,dancing_and_cheer,DEU,2024-04-29T10:49:16.344Z
0366B302B46B400B93F356B2D3FC7F95,netball,GBR,2024-06-25T12:59:15.471Z
02C529CFE3A3465ABC4DF1BD34D51B14,sailing,NOR,2024-04-09T12:22:48.667Z
00D8C4A266FF4C8CAFD577FC09DDF459,football,GBR,2024-08-16T20:30:53.426Z
0129AFC0468E44BCB44CC5FA0B0D6018,football,NOR,2024-08-25T13:59:00.383Z
02C0D0A19AD94685A94EBB0C544B4284,football,GBR,2024-01-24T11:22:00.403Z
035860E986A04EC6B9C3D950798A874C,football,GBR,2024-08-31T21:36:30.955Z
006F9596D00549949A47C534ABB51C42,music,NOR,2024-06-06T17:30:40.496Z
00B4704FBF7E403ABC4607213614E916,basketball,USA,2024-10-07T20:45:23.891Z
03D20043480C40AF80BF26B7101E5827,football,USA,2024-03-21T03:27:17.209Z
010E50B34CC1400F8CA5F1044250B27E,bowling,NOR,2024-03-02T23:37:34.682Z
03A2BA21180F4129BB035C221E8AF412,running,USA,2024-02-21T01:32:58.019Z
02949FC0F53445C9929532A73D85B18B,football,GBR,2024-06-05T08:57:07.070Z
0191E0F98A984276A39780167990DA07,music,NOR,2024-05-16T14:04:41.926Z
0173D9BFC45943519B099998CD5C37A6,basketball,NOR,2024-01-26T10:08:39.288Z
00F1D266F4D94C61B69513AE53CCA01F,cricket,GBR,2024-04-27T11:48:10.847Z
03C7520E9E124855841E116E3CE23F09,social,GBR,2024-08-13T18:39:15.104Z
00676009D4D448A99EDDC5BC572A20A1,football,USA,2024-05-22T03:56:39.177Z
006ECCBEF8934A51A85A71C65D1367A7,netball,GBR,2024-06-20T08:12:09.230Z
038D5EE776CA4EC9A29BF5E1AE01C92F,social,NOR,2024-02-16T14:24:11.508Z
010490378A5B4D72BE1988E89ABB0ED1,football,GBR,2024-06-09T08:34:19.498Z
02D4EA037EA34536A4AB75A55FD9ADAD,softball,GBR,2024-09-17T13:57:03.239Z
01708CEE65DE4FD39B1F8D90271E6D00,handball,NOR,2024-05-08T06:12:57.357Z
009B42CF3A0E476FBB9129BC0A6E482A,basketball,DEU,2024-04-15T20:07:04.994Z
03C2693D45C544FA8FEEC8DC1D3A493A,cricket,GBR,2024-03-26T19:35:29.381Z
02BB4E26C801497E904F32962759EED2,martial_arts,NOR,2024-09-03T16:16:21.776Z
02ECBA84A03549DBBFA579FE75329559,music,DEU,2024-02-11T08:49:22.870Z
00F1DA3C7C97447A932BF432BDC4692C,football,GBR,2024-08-19T19:48:35.446Z
0135BC6BCB4C4FC78A57429D8292DE86,netball,GBR,2024-09-25T17:56:34.574Z
016DCB1344674B8C8326BA06C1AE13ED,cricket,GBR,2024-03-06T10:53:01.357Z
037D70864FBB46AC88AFFDC4BF74B70B,basketball,NOR,2024-11-04T23:36:48.204Z
02AABCC888D24278BDA3A94A78E5FB2C,gymnastics,NOR,2024-05-30T10:36:36.063Z
014A208EE32B4EFA99C0AC6CA94C8741,football,NOR,2024-08-19T08:59:12.225Z
01A6FFE5A8E94E14A8EC1E9A652BF6A7,swimming,NOR,2024-09-02T06:33:14.674Z
0342F0FE56B941F2A1B5356228F1B766,volleyball,DEU,2024-07-30T12:33:21.167Z
00331F6834F041E08EB50109217331BA,football,GBR,2024-06-18T21:32:01.529Z
024F804BE09C47F099F8F52B10CADB1F,netball,GBR,2024-02-07T22:19:19.157Z
027E00CCA4DC46B59D688C24635AED7E,football,NOR,2024-11-20T08:31:40.484Z
013A30D2AE784FE79C99A1B2F7D629C2,cricket,GBR,2024-12-03T11:33:35.237Z
01925C333A254A93B1F029A9959BCCF9,handball,NOR,2024-09-09T12:32:39.497Z
01605999C63047D6BF8A3885ED6FA4F0,social,DEU,2024-06-22T12:07:43.259Z
0367993E64EA4CA5BFDC6CC741907760,other_non_sports,NOR,2024-01-04T08:23:55.754Z
02249C43B6274D49B9F1A70D1A9EFF86,other_sports,NOR,2024-09-10T08:08:06.496Z
015325F8C5F14C1796A00242EE77C7BE,football,NOR,2024-10-05T06:53:36.413Z
01A3A69D02844640A0FA6B2B64340C4F,football,NOR,2024-08-07T16:46:27.066Z
00BE11697DD24E7D9CB82C45B598DE73,football,USA,2024-09-03T20:16:44.929Z
01F409605CC749DB913706004DFA238D,pickleball,USA,2024-01-31T21:06:46.338Z
03710DA212D648D69DC13959FB4940FA,martial_arts,NOR,2024-02-19T20:08:19.768Z
01F3158C65404E07BA23EB25049132BD,yoga,GBR,2024-10-25T23:24:44.555Z
03C370C7BCC64CF3850B24525C8ECE50,social,NOR,2024-08-15T17:17:36.965Z
01ECF978A5414149ADC8FA434679C96B,water_sports,DEU,2024-03-25T12:23:02.275Z
0006D1A3C276485EAA26D1736F78193D,volleyball,GBR,2024-08-24T12:00:39.924Z
0172487CD032491B9C766EEF362ADB39,football,GBR,2024-10-20T08:38:55.368Z
00339BE0DBDB4FC0B272C620D5F560E9,cricket,GBR,2024-09-25T07:59:20.737Z
03600461576B421B9DAE7CEA7D476F3B,football,GBR,2024-07-20T18:21:03.093Z
011EF5EF4C2F4281AFA6C409C13436F3,football,GBR,2024-05-31T15:14:41.499Z
02E9157307024F2C93CF9EAA787D76EB,swimming,GBR,2024-01-23T15:48:41.537Z
00D56F2941C3425094AF90230C14CA58,volunteering,NOR,2024-02-02T15:33:50.938Z
0196B52A15824E51A19ED73C656F7560,rugby,GBR,2024-07-25T20:17:59.222Z
012E3E8F2BFB4BF4BB2DAE932256AEA6,football,GBR,2024-01-07T20:02:05.181Z
03FE747E05E943BAAC6CB07216BE4468,football,GBR,2024-09-02T20:18:31.138Z
026B3ABE899C48469AD6EDA730305A17,football,GBR,2024-04-09T17:50:18.959Z
026CD980442749A8A66753D7C57E9295,volunteering,DEU,2024-09-30T16:07:52.823Z
02C30CB594494D54AABCAD13FBB33597,basketball,GBR,2024-09-04T16:45:39.672Z
034CFDE04BBB437CAA82249188DF792F,football,GBR,2024-09-22T08:52:00.274Z
035BB21A83514B2592B4B90D7FBAE5A9,football,GBR,2024-04-24T20:22:28.224Z
00F42210722446749DD9DE4C554F29AC,football,NOR,2024-04-19T10:31:18.677Z
007BD2D046304CF2BCFF9D5323EF51E2,netball,GBR,2024-06-17T17:05:12.725Z
02C4261714944848B919248228CCBA40,music,NOR,2024-11-18T09:09:19.365Z
015771BBF5194DFC836FB6E0F62E0E4F,football,GBR,2024-08-20T06:21:37.723Z
029BF208A0274FE089FCA4975EDCBB7B,basketball,USA,2024-12-07T20:11:02.162Z
0268DE22C93A4EFCB5F01FA288B7CE1B,running,GBR,2024-04-18T11:51:04.130Z
032D7200E88B45AEA448166C176B8856,rugby,GBR,2024-05-18T07:54:10.648Z
027F4A8CD7404A729E42CB62A5BD67C1,yoga,NOR,2024-11-30T16:56:44.162Z
0278E9F6A8BA47A38CC39EA2DF07A473,pickleball,USA,2024-05-23T02:48:32.915Z
027E510D57BE49EF8F6C4962ED78159D,football,NOR,2024-05-28T18:32:27.825Z
031DA4C14FA647ECADF1B578080AC4D9,football,NOR,2024-08-19T19:37:26.182Z
00960C7C7C474EB2B49B2D4295263A2D,football,NOR,2024-11-14T14:25:34.742Z
026D5C1B67B449D5A48B8DEB83039F1B,volleyball,DEU,2024-09-02T09:51:11.363Z
00BF59E0D3A549838A02E3A1CFE92090,badminton,GBR,2024-01-04T09:59:58.617Z
008879CF0FCD42B7AD4DBCC85354ADA5,football,GBR,2024-06-10T15:55:44.846Z
00E2632812654C77AD09869BC575ACD3,netball,GBR,2024-08-14T13:19:46.060Z
0041287661544888AEAFAA9FEA721DC0,football,GBR,2024-01-30T09:14:02.568Z
0118BD67AF4B40B098742D709FC301E2,swimming,NOR,2024-06-12T21:20:39.866Z
01F75DDAFC474DA0B456B7C489C1A662,volleyball,GBR,2024-09-09T09:36:21.232Z
035D78F714BE4DF0A2D31326391F273A,music,USA,2024-04-29T17:51:56.583Z
02F1F14F463340E2AE656047B9653C71,netball,GBR,2024-08-05T17:44:02.220Z
023C595B8A674A56A75F54B49F639343,multisport,NOR,2024-05-28T08:36:41.575Z
0327587D0BA3403E85FB6683B5960DB5,football,DEU,2024-06-26T03:15:50.901Z
017BA5F99BDD4761BB8F481FAF0BCD4B,football,GBR,2024-01-03T14:40:31.387Z
003F66680D2946919EE53BBE147257DB,social,NOR,2024-01-18T10:12:47.924Z
016F4E740DE843CF8CCF567D8D866A6C,swimming,NOR,2024-06-12T20:54:24.379Z
006C282FF9874254B0E81B37C071F5B3,cricket,GBR,2024-05-13T16:50:35.847Z
004E0EFB282C49079524B361C16E3BCE,football,NOR,2024-01-18T07:53:54.066Z
022544CFF88E4AFFA70FD0A1A122611D,swimming,NOR,2024-04-26T10:28:08.235Z
001789870CA24E96815D83BEB81869CA,football,USA,2024-08-18T20:50:18.316Z
027476A2E4394F5398D87ADB8DD84977,football,GBR,2024-08-08T00:37:35.057Z
035460676C094665BD591BF14D48D8D4,football,NOR,2024-06-22T07:36:17.078Z
00DF263BFF1E49C3BF831D7D05ED366B,netball,GBR,2024-10-09T17:21:05.642Z
01FCCDE4880A41CCBDF84FB81EB4B2A8,football,NOR,2024-02-18T15:37:50.983Z
0150BFC972B744AB929FEFE616B65AF8,social,NOR,2024-04-08T10:04:10.612Z
00AE3264FACE48AA95101CB5FA23D90A,football,NOR,2024-08-13T07:36:31.911Z
02451BB0748544EDB1A5B2E74FE0FE01,golf,NOR,2024-07-18T20:40:32.443Z
03318EF41AFB4B05821F07BA300990DC,football,GBR,2024-06-29T04:13:55.974Z
025515CB2D1D45F39E7AA2DF7DFC2AA8,volunteering,DEU,2024-05-19T11:03:07.444Z
00778E3A21E64DC9BDEC6D64B1D8285A,dancing_and_cheer,NOR,2024-07-13T18:07:45.298Z
021CA6E7AB9D470DAB0A3CCEB36DACC6,cricket,GBR,2024-03-09T17:47:08.853Z
028135F0A1EF48A9B3CB4DF407344B2F,football,GBR,2024-07-01T18:04:41.948Z
00E5F3A5220F45528B16ED9041B7923C,football,GBR,2024-09-01T15:59:46.902Z
035EE9DE45B540B983F08F165C4E5FBB,other_non_sports,USA,2024-10-08T13:21:21.067Z
0228AF1EFA5E444B8D356FB553CF8EE7,other_sports,NOR,2024-02-28T21:14:46.180Z
00C8CC9777E34673B368CB1BCA41AC43,school,NOR,2024-05-29T16:56:54.922Z
0127323FC027442786E3A79319F828FE,volleyball,USA,2024-11-20T04:59:23.073Z
01B55BF6CE084521ACDB1AECC1D1DDF5,water_sports,GBR,2024-02-27T11:54:52.672Z
0281C89E472D41669E15E39EA31E19B5,netball,GBR,2024-08-26T12:01:29.859Z
006D80AB2E61432D88CD62AFF4C8AB1C,other_non_sports,NOR,2024-04-16T14:33:01.827Z
0104CA4985F44DCC9101669571A533F9,music,NOR,2024-02-14T09:19:34.569Z
0259C682E13C42CC9F15C752491BF619,volleyball,DEU,2024-04-30T12:18:17.919Z
018F9DF71D1C42F1B50CA7AB8BC94E08,american_football,USA,2024-07-22T21:32:25.717Z
0009942ABE39465FBA1A9E50D799E8B5,rugby,GBR,2024-10-11T21:51:49.498Z
03916D5B9FDD4ECABD9004D8F1570C55,football,NOR,2024-03-18T17:15:00.256Z
01E3425A417A4B79A0B07D0F7F56DD09,football,NOR,2024-04-02T14:41:12.473Z
03FB68146E9B47F6BB5AA71492504810,football,NOR,2024-02-12T20:25:55.228Z
030E1D4F241F43498AD26700621B59DA,football,GBR,2024-07-08T19:05:37.969Z
036A8BB4318E4C2A845AAAE58422D35B,rugby,GBR,2024-09-17T21:50:29.221Z
032C132145F64193955DC018A17A683E,social,NOR,2024-09-02T19:13:51.170Z
00A7A7A1424743E784C3C4B4CDC361A6,football,GBR,2024-09-03T20:09:57.733Z
039BE8E9C10C47E1B62AAE7E7E004654,volunteering,NOR,2024-03-21T11:19:58.142Z
01CC9822D20A43CE9F7E993F24D14870,football,GBR,2024-06-01T17:41:21.835Z
017507475BC7456695D18949C40EEE9E,baseball,USA,2024-08-25T00:21:57.801Z
024FBF705B9C486CAD35DFD9BF13A71A,football,GBR,2024-07-21T07:24:43.664Z
021C900914EA4D0B9EA97A8BF8119DE2,football,GBR,2024-10-08T13:44:28.673Z
02AFB3AA31DE4B0EB71F2F69AE8003AB,scouting,USA,2024-04-16T23:38:47.770Z
0211B0ED009944AF8EE7B920087707CD,football,GBR,2024-12-04T17:50:38.050Z
0118C73DF1E64F73869887B18797E3A1,music,DEU,2024-06-20T20:43:41.690Z
03D0FFC45D7F414CAE81312DCB728CBB,football,GBR,2024-07-06T20:06:58.451Z
0268844DC9574480910B1BA9AB26A314,school,NOR,2024-08-26T20:08:20.549Z
01C284FEAB55404D98604573E53016A4,netball,GBR,2024-05-26T13:25:10.055Z
037B1A1CDA54438185D976D4D8094E57,school,NOR,2024-10-11T20:28:15.166Z
00B9C48386384A839D18F0F34053AB23,school,NOR,2024-10-01T20:04:42.064Z
026228566BA945D08CCAB8A331A7B806,football,GBR,2024-06-04T17:26:02.183Z
03D6BB119BBE4694B620C0E9A6C8C79B,multisport,NOR,2024-06-14T14:35:01.574Z
025BFFB3002944AF9E8936335A8EAEAC,other_non_sports,NOR,2024-01-07T13:51:39.225Z
01BFCA49E3404D1FB5688A2365230BBB,football,NOR,2024-02-16T10:24:04.566Z
0088AB0266FC40FEACB085592070895C,football,GBR,2024-03-24T16:30:14.762Z
021089D4E1CE4171BB88C88B0692BF25,football,GBR,2024-06-27T18:25:29.179Z
017E67A21C3940158DDD1AD674BF59AA,other_non_sports,NOR,2024-10-09T11:12:31.019Z
007DA0422BA441248EE5EFFB6E40127B,cricket,GBR,2024-03-09T17:50:04.342Z
03E43AA5E3E64EDDA4FE451FBF9C5C4D,football,GBR,2024-08-31T10:26:39.176Z
0210A3291EAD4882A0B0493541FA7850,football,GBR,2024-05-25T21:59:51.183Z
0001AF858063430695F5FD097DC65AC9,basketball,USA,2024-09-06T01:15:03.169Z
03350CA6666F4D2EA1BD94E41CDF840B,football,NOR,2024-08-18T16:56:01.812Z
00DB4310F9004E3A85D9DA2FA15C0BA3,basketball,NOR,2024-08-08T07:01:51.236Z
00CB8B155DED43878D4B4ECD4F5F18EB,football,GBR,2024-07-21T15:23:10.628Z
020B7018D0394A1799B37174F1D925F7,cricket,GBR,2024-11-15T14:27:30.658Z
03543A6738FA4F52B6A937BEEEE2815C,tennis,USA,2024-08-29T01:39:00.528Z
009D52BBDB5944A9841190A1C3ED604D,handball,NOR,2024-02-16T15:19:01.838Z
01A054F528624C1AB25F2FA94A99DEF8,rugby,GBR,2024-08-19T17:44:52.321Z
01AC48789F3F430F8BFFC0C891DA612C,football,GBR,2024-10-25T11:45:10.485Z
0360C1C217BD4E1EAF692DCCFC4270B6,rugby,GBR,2024-08-19T17:45:41.510Z
0047D87FE1FC412D8E72E0FEC050A894,football,GBR,2024-06-26T15:42:52.045Z
0270FFA0D49D4473A1192062D8409F79,gymnastics,NOR,2024-06-10T12:31:21.126Z
04026AB2DEC54D03821533810AC978F5,handball,NOR,2024-01-06T12:22:52.131Z
00EF72AE53F84CC3AFF7E75E48229007,other_non_sports,DEU,2024-01-04T06:45:48.988Z
0010245030B2452DA62AE2BA1F3A941D,football,GBR,2024-09-17T18:11:01.050Z
0226166E732448D48C4C466460DAD9B7,social,NOR,2024-11-20T14:03:45.910Z
0299AB8375A24AB9A41755277AD5D0CF,martial_arts,DEU,2024-03-16T10:41:55.450Z
0361ED5E53D541AD89F5B271B45AF99D,football,NOR,2024-04-20T07:35:57.185Z
00F2D440281641EE9248FB8399A04CB6,football,GBR,2024-09-10T17:03:52.814Z
033E7CFAA2B343F099245DB83823D4E1,football,USA,2024-05-07T17:54:09.296Z
02E6F6C7D9F94CFD962F53E956C5DC84,other_non_sports,DEU,2024-06-07T05:56:21.881Z
01E931E9544649E9A0075C68803942F8,social,NOR,2024-02-08T16:46:12.312Z
0063242CC09B4AD5A419CAD096AD6289,football,NOR,2024-02-22T00:05:45.219Z
02E921CB9119428ABC5F33FA515C1A03,football,GBR,2024-08-15T19:45:43.354Z
03FBE7F3EE69426082627F3345BC225F,pickleball,USA,2024-01-07T23:20:35.473Z
0374E33D7CA24E9C95DEAC865AAA35FA,football,NOR,2024-04-15T12:01:33.637Z
00FBF95E4A9C4C028E3A6573512588B0,ice_hockey,GBR,2024-08-15T11:04:06.580Z
02B6D42BD8C44A9BBFC2A5ACA0EE1DC7,football,USA,2024-02-20T23:51:23.792Z
01B8F9B8A1274B9FBC909304E9E4C6AC,school,NOR,2024-10-19T06:45:20.961Z
022416E6CDDD4FE39154E3C8425EA9DE,football,GBR,2024-08-26T09:09:43.206Z
01B9E654B6724009B0B4B0184F7D7975,other_non_sports,GBR,2024-06-14T22:12:59.961Z
03DA956ABAF0404187A864F5FE784FD2,rugby,GBR,2024-05-07T06:35:22.621Z
01C6F5A4418E4416BA8B9F9D653DDAFC,music,NOR,2024-06-29T09:58:36.904Z
001DC1EE0EDC4D9E8A3A54076CCAA36D,american_football,DEU,2024-10-12T18:18:52.148Z
00B3B064966C4A299F03FDC811269C89,cycling,DEU,2024-04-25T21:35:49.726Z
016A3B0E88844DD084BC8164D6E02D5D,football,GBR,2024-09-06T15:09:56.740Z
02C84D24C69644479DCF107F7EE8C8C5,other_sports,NOR,2024-01-22T14:27:49.137Z
040A034359964B7DBD526B6F2EB235C8,cycling,GBR,2024-09-17T10:33:00.003Z
01AFBDD5C2B14AD4A4FE3980FC9B29FA,handball,NOR,2024-04-25T17:29:51.956Z
0287ACFC1BA244F6B84E52CD667FAA5D,rugby,GBR,2024-10-07T09:13:36.236Z
0078531D7FAD434EBBD51C72C9A0E052,football,USA,2024-04-19T19:44:56.640Z
01CCAF6E37D0488A9A7A9A3F4DA0C1B9,rugby,GBR,2024-11-13T14:06:07.968Z
00302E371D3B456D9F59EC7DC1998C07,other_non_sports,USA,2024-01-12T03:26:08.157Z
0236533BB70F43298EDBEAE9B22E3FE3,football,GBR,2024-08-24T10:06:42.087Z
037EFAA9FA2047B6AA1B8A6561341A27,other_non_sports,NOR,2024-07-27T17:54:38.685Z
00CD6C6B50B044EB98669D7026CD90E9,social,NOR,2024-11-08T18:44:20.101Z
01371DE40A9D4486ADB70E7C76E52F30,social,NOR,2024-11-26T10:32:48.363Z
029FC08152E34D21A26718DCED6968B5,other_sports,GBR,2024-12-17T06:45:00.465Z
034419A229F74397B6C499B785F2AFF9,handball,DEU,2024-04-09T11:12:20.871Z
036AF165F6FB4BB8945CF4D84913BED9,football,GBR,2024-09-05T11:07:52.191Z
03FE9E50447141BEB7AB5CF77854F720,netball,GBR,2024-08-24T12:33:39.949Z
01E26930E80F47C9B1EEAA3827118BD5,football,GBR,2024-11-06T18:36:19.851Z
0402E30D57024285820CB179D591244C,football,GBR,2024-08-09T14:31:49.420Z
031CDA7BA4294CCDB542DD4E884F41CF,rugby,GBR,2024-05-30T06:45:23.825Z
0307978496934F80AEC8AE71430BB0A8,rugby,GBR,2024-03-27T19:18:50.580Z
02F79EE1759140AE8F9D2A4F476046D0,handball,NOR,2024-07-25T10:36:04.407Z
01BA31EFEF1A49E993E75B39B430AF7D,football,GBR,2024-08-16T13:22:31.085Z
02A0F460102A44B089C033EBB33D1AC9,netball,GBR,2024-02-04T15:05:49.850Z
00B9B428DEBE4450A68F6C1F4B0A54D8,other_sports,GBR,2024-08-19T11:37:49.740Z
03617673AF4E4A419432429C8F764DD6,football,GBR,2024-03-16T23:18:12.754Z
03F58AEE174B4CEE9D9777BE17A425B5,football,NOR,2024-10-28T11:55:01.312Z
01764A8F93D847CAB19772D311F40B6D,music,GBR,2024-09-17T18:58:07.763Z
01191C6E8BAE4E9D9C5067639163A1C2,football,GBR,2024-09-06T09:10:12.462Z
0195EC72DCF040BB9A93554E7F6185FA,swimming,GBR,2024-04-14T07:25:03.289Z
00991F9B9066445CB5D107CB0905CC4C,football,GBR,2024-08-30T10:27:22.860Z
01D46E2DE94E4E55BE7542B0AD1B30B9,football,GBR,2024-07-15T16:40:10.185Z
01DC593E09FA47E182054CC25859A72D,rugby,GBR,2024-03-17T22:07:15.013Z
00E58052DDDB41AFB12E0B7FDB92C010,rowing,DEU,2024-10-20T21:03:32.409Z
01A974FD0112461FB27B54DFA80ABCB5,football,GBR,2024-04-06T11:40:57.564Z
01875ED9B098461493644A4D005A48F8,football,DEU,2024-03-04T14:17:14.525Z
01F9FB2D26E54652AC9C8CBE385E9B60,water_sports,USA,2024-04-10T15:21:37.396Z
0284B0F3A87747BDB829A8731FADF7B7,football,GBR,2024-07-01T13:48:58.114Z
017639DBBB9643F188B083A07A6769E4,handball,NOR,2024-03-26T11:58:48.634Z
02FEE051B0494A308F434B5BD6E9F722,multisport,NOR,2024-06-01T14:53:48.394Z
0042CD419EB2456C80CD3B4A0E02A69D,martial_arts,NOR,2024-09-04T09:38:05.904Z
036539D1CC4746CDBED06A382601F8C5,football,GBR,2024-06-23T07:23:56.553Z
00CE96901E594D1F9C628A2936CE9E3C,football,GBR,2024-05-29T09:41:57.001Z
02178B4CD68E4B81BCC5C74B5A1B7BD6,cycling,GBR,2024-08-22T10:37:17.590Z
01B93A2B825F4AD185256EE95FA13866,football,DEU,2024-08-26T18:05:24.882Z
0115AA060FAB4C009A6C69989AE2B081,football,GBR,2024-11-24T18:25:07.749Z
01EAD7FE5D02429F973B09F713D5FB37,football,GBR,2024-03-21T18:54:27.469Z
030CB6730EDA4F33AAA723758CEC2912,other_non_sports,GBR,2024-06-14T12:23:39.727Z
007CE3A903364C9DAC7E02BC44D13682,football,GBR,2024-07-26T14:53:12.714Z
03902CE2A8BC4E95AE2D1F725C22F026,football,GBR,2024-09-23T10:42:19.944Z
03972567C5DB41E996A971AFCA8E64B7,basketball,GBR,2024-05-20T10:18:33.817Z
03E4BFCD89D445868A2257C94DC4FCA4,handball,NOR,2024-08-20T19:16:32.979Z
006FBC2663384F6A9F8B91AD88C33F17,multisport,NOR,2024-08-20T18:36:22.359Z
03081E5FBCE74A799A1117E23AA7D5DE,football,GBR,2024-10-22T10:20:01.753Z
01CDD07C539D4D4EA6DC4C0313628973,baseball,USA,2024-02-21T01:57:33.970Z
01ED7E5A820D4D5190E0D1A511B7E99D,football,NOR,2024-04-08T10:11:20.992Z
0389572BF37E4EE983BACC1C279E113F,volunteering,NOR,2024-06-14T12:56:33.988Z
009E7E874D1C4807BD8FEC0A6319AB58,handball,NOR,2024-05-05T10:10:20.614Z
03EC962727B447D48A39A326AC8C2D1D,cricket,GBR,2024-03-24T18:54:15.688Z
0101D31981174251A50C1CADA68DA78F,football,GBR,2024-06-25T00:46:40.769Z
022B060AF0C24E4E84EE76C92423BA71,field_hockey,GBR,2024-06-12T14:19:59.017Z
0342167CF03E467BB7A842A812165EB4,cricket,GBR,2024-04-29T19:38:22.810Z
015B67945AB84D5BBB9E853CEE84D210,football,GBR,2024-06-20T10:38:26.081Z
003083BC5A83447DB8010F4735D94998,football,GBR,2024-08-23T11:31:56.473Z
005FAE898CF546A98B42851BB915F7E2,football,NOR,2024-06-20T15:34:07.627Z
0387C327F4DB4E31A3D70A0CD7AC8715,cricket,GBR,2024-09-21T08:21:43.200Z
03E40E365A1A4DAFBFC455546E181444,school,NOR,2024-08-21T20:06:19.649Z
03560DED98724AEE9FF55EAFA5734E21,football,GBR,2024-05-29T09:48:15.560Z
0383B4CF76374DF8A7F13CCC31F34A78,rugby,GBR,2024-10-03T19:40:13.517Z
01B5E5E1453149E0A61506EB3F8A4FE6,social,NOR,2024-11-02T12:10:58.967Z
0113B5149AE84453BF759EDD1DF5C6AF,football,GBR,2024-03-26T19:25:48.632Z
04075E7DD1DF44B587F218B7FBAE3FAA,pickleball,GBR,2024-07-25T15:37:28.446Z
03B010104A684D228756BAB7F9FF4448,football,DEU,2024-09-06T08:40:32.735Z
034F2F5F38A74FB1B8A4CCFD1C3DBCF0,football,GBR,2024-04-10T14:49:23.679Z
0174FAEC8DB447F4A15E5ED7F2DEE0AB,football,GBR,2024-06-11T19:33:28.005Z
014DA69591BA4EC197547F6273E97C5F,football,GBR,2024-08-28T16:32:12.972Z
034624FF5B9F49079285773089BEED3A,football,GBR,2024-01-28T16:39:42.035Z
02B920EC5CCE4559BDDFC134E95D8BAA,other_sports,NOR,2024-02-12T19:42:29.709Z
00EDFA52760C4EF6B0FFDFA54973172F,school,NOR,2024-08-27T13:18:13.503Z
025E0B9C82274226B80C3F1D654D7DC5,football,GBR,2024-06-23T16:39:37.237Z
01EE5C8250154049863205360E0D6635,football,GBR,2024-01-26T18:44:55.118Z
02D545AC0966438A8A1F2BFEF8657E11,football,GBR,2024-04-02T08:30:30.177Z
01729752F3004286A8EE7D0E71D4C4FA,other_sports,GBR,2024-02-06T11:21:09.781Z
04060776762A4B439285050ECA452733,other_non_sports,DEU,2024-05-02T16:15:09.808Z
021503A08B164C7F9BD5CD121F4B5695,football,GBR,2024-10-21T07:28:12.242Z
01F6A686BCD2470D94A13DAA9BD465EE,yoga,NOR,2024-04-28T15:21:36.473Z
02E36CE148564209B49E704C8790F13D,music,NOR,2024-03-20T18:01:44.846Z
030343720A794104AE0441B5B995A6BD,football,GBR,2024-04-29T20:23:38.447Z
0153DCDDC22B4C90BB1FEE0740B4985F,football,NOR,2024-01-21T22:35:49.643Z
02A58849B5784D888CA6673D25403E2E,school,USA,2024-10-03T17:40:18.262Z
0090F9D2EAC54CE5BAA4A05C2114B4CB,football,GBR,2024-03-29T08:42:03.133Z
0091BC347F784A39BA1B79CAEE78EC25,football,NOR,2024-01-09T21:05:26.202Z
00C4A240013B4795A1A1070C12DDE435,football,GBR,2024-12-08T12:21:24.724Z
0207F0B9368A49869C333FBF8BE6A6C2,tennis,USA,2024-09-28T17:21:17.318Z
0399E66D2728495EA4B150BE15013EC7,martial_arts,NOR,2024-04-17T16:54:32.105Z
00816FE1B219481BA5D85AE76F0FCDDD,school,NOR,2024-09-17T16:45:27.657Z
026CEBB2D5F5446BB864E5445B3DDAE5,football,GBR,2024-08-12T12:06:08.976Z
022BC937513548288CE906D74F1C630E,school,NOR,2024-09-18T11:46:55.038Z
033570DA2FC34903A3AF9F6A5F9D5A86,football,GBR,2024-05-26T06:48:59.709Z
01A7E61E629D4588A42361F52FCAA7C8,football,NOR,2024-09-28T18:11:15.191Z
025A1016ADC6455E9008AB99421B5D70,social,NOR,2024-09-29T09:47:40.267Z
032E7A38482D42F08F0A68ADAE541DDD,football,GBR,2024-08-27T20:14:34.685Z
02561F6398CD4FC09C0BBEC4817A6235,other_non_sports,DEU,2024-06-25T21:24:18.234Z
00EEACED9D6B4B939359CAF77F582F8B,tennis,GBR,2024-10-05T13:16:38.148Z
040586E47353414BB99FF10868B7B504,rugby,GBR,2024-02-26T13:42:00.043Z
02BB140532BD4DBDB283A41F866BB2CF,orienteering,NOR,2024-01-16T10:38:36.357Z
0389BD2EAA46412980C6E1BD13B3E3CA,tennis,USA,2024-01-05T02:00:47.089Z
021DD024DE8E48358477109895095D46,football,GBR,2024-08-20T20:46:23.436Z
018283E950424C6A9B450AC51227A021,school,NOR,2024-09-24T18:29:26.414Z
03171BD7BFF840E48A6975120C3D5FFA,motorsport,DEU,2024-03-16T16:44:39.066Z
012908BA9E6047B2A865252A430E5482,volleyball,DEU,2024-05-02T12:26:50.377Z
02BBC5C37798422AAEF6432A434FAA0F,football,GBR,2024-04-23T08:19:32.028Z
02566AB4CF6543BDBA24B462871091AA,football,NOR,2024-06-16T18:52:18.460Z
0277916820F34EFDB526C2B1FFBBA0A5,basketball,GBR,2024-07-31T17:54:21.442Z
00470040310445F6AD2809D13CB1562E,music,DEU,2024-01-30T10:51:06.220Z
012A1232883E4174BE1C7DD3BCDBC22E,other_non_sports,USA,2024-05-20T23:12:11.603Z
017D57E072604005B957E20339FFC457,american_football,USA,2024-08-15T17:09:21.882Z
00D2A68DF5C84964A0F9D7599D26AE03,multisport,NOR,2024-12-12T19:27:24.626Z
00A17C765C104FC0AD239511DAE192D2,pickleball,GBR,2024-03-10T11:17:50.138Z
03443F69934D462F8FF2CB64D276B17A,volunteering,DEU,2024-03-23T13:45:12.795Z
03CA3C08C30E46DA96D3B8A92F26D474,athletics,GBR,2024-12-11T13:55:33.722Z
00F9F45F39AE4C58A1DBDFAB8E7498E2,other_non_sports,DEU,2024-05-25T09:37:03.194Z
0299DB8731D24C1EAEE4AAA21F6C735C,football,GBR,2024-05-19T00:36:44.464Z
03DA4A388F354CD4BECF5E168E0E3BF3,football,GBR,2024-06-05T10:12:00.261Z
03A2157C96954B7283360B6218783626,football,GBR,2024-06-19T16:24:02.658Z
023BD664337F4F5F93FF161AC8264FF1,football,GBR,2024-09-10T13:01:01.259Z
01DC05A4C4A7479DBBF87B09E952FDBB,football,GBR,2024-01-18T12:11:48.088Z
003111964D9349699EF5AA280C5F9AE0,cricket,GBR,2024-05-24T12:37:51.376Z
03958B0B55AC4213A67E92A2AF349D71,football,NOR,2024-04-09T10:47:51.830Z
0340DD8FA96849609EB2D916BE324BC8,football,GBR,2024-06-04T18:52:33.897Z
02B40A3D500E48E0A0FC848496B525B1,football,GBR,2024-05-15T13:35:31.151Z
0148191ECE744A53949D43D707287A1C,football,GBR,2024-09-25T18:56:22.213Z
035D037821B046B8AC7EA6497196E840,other_non_sports,NOR,2024-01-23T15:04:46.754Z
02481454FF964686B2A2D3E8EFEBDB53,football,GBR,2024-07-31T12:09:41.759Z
019868947E714694AF02CC1A42DBD4BE,netball,GBR,2024-09-03T12:26:39.061Z
00C6F2ACB6594CC0AF43C8DD7080CACB,football,NOR,2024-04-21T07:14:39.734Z
02D6C760DE8940AC8CA8AA107905A207,rugby,GBR,2024-06-04T12:44:09.446Z
0327165B3A054F3982514CFCECA34FC5,football,GBR,2024-08-26T09:46:42.871Z
0167FFBF91284BBB9C5E01FD5B37B5C4,football,GBR,2024-03-23T09:01:40.169Z
020DDB1F8A9549E5AA6A4A88707EB8E8,cricket,GBR,2024-06-04T11:15:28.537Z
000CB366C2A741F5B4A984336355BA73,cricket,GBR,2024-04-25T14:41:01.103Z
01AF10B866F746ACAA856ED532B16197,cricket,GBR,2024-02-28T18:02:36.198Z
00EF951B0C614D918CACA643E7F2BAAD,netball,GBR,2024-02-22T23:15:40.417Z
0045B37FAFE84AACA208BFE1E8AFCB44,football,USA,2024-12-13T20:29:07.687Z
